"source","id","doi","title","authors","journal","published_date","url","abstract"
"pubmed","42727359","10.1016/j.compbiolchem.2026.109394","Uncovering hub genes and key pathways responsive to drought stress in rice via meta-analysis of transcriptomic data.","Joshi, Sachin; Chaudhary, Parneeta; Mrinal, Rishi; Chauhan, Ankita; Pandey, Niharika; Gautam, Sneh; Lohani, Pushpa","Computational biology and chemistry","2026-09-11","https://pubmed.ncbi.nlm.nih.gov/42727359/","Drought stress presents a formidable threat to global rice cultivation, triggering complex molecular responses that impact plant growth and productivity. To decipher the underlying gene expression dynamics, we performed a comprehensive meta-analysis of transcriptomic datasets derived from drought-tolerant rice genotypes. Via microarray data from three independent studies, we identified a set of consistently expressed differentially expressed genes (DEGs) under drought conditions. Integration of functional annotation tools, including GO and KEGG pathway enrichment, revealed key biological processes and signaling cascades involved in stress mitigation, such as ABA signaling, protein folding, and photosynthesis suppression. Protein-protein interaction (PPI) network construction, followed by hub gene identification via maximal clique centrality (MCC), highlighted pivotal regulators including LEA proteins, dehydrins, HSP70, and several transcription factors. Machine learning approaches further prioritize potential biomarkers, with Random Forest models achieving high classification accuracy and pinpointing key predictive genes. Chromosomal localization analysis provided spatial insights into the distribution of these hub genes, whose expression patterns were further compared against qRT-PCR data from previously published studies. This integrative approach identifies candidate genomic markers and mechanistic insights that may support future breeding strategies for drought-tolerant rice, pending experimental validation."
"pubmed","42726839","10.1371/journal.pone.0357755","Stage-specific evolutionary dynamics in pediatric leukemia inferred using Bayesian stochastic modeling.","Kim, Seung-Hwan","PloS one","2026-09-11","https://pubmed.ncbi.nlm.nih.gov/42726839/","Tumor evolution in pediatric leukemia is shaped by stochastic fluctuations and constraints imposed by developmental programs and therapeutic pressure. However, quantitative characterization of these dynamics remains challenging because of sparse longitudinal sampling and measurement noise in clinical data. In this study, we applied Bayesian calibration of stochastic Ornstein-Uhlenbeck (OU) models to characterize patient-specific tumor evolution trajectories in pediatric leukemia. Using a longitudinal cohort of KMT2A-rearranged leukemias (52 patients, 311 longitudinal observations corresponding to 294 unique patient-time points), we estimated parameters governing mean reversion and stochastic variability and assessed the stability and uncertainty of these estimates through simulation-based validation under empirically derived sampling conditions. A representative single-patient trajectory further illustrated patient-level evolutionary dynamics. Across the cohort, inferred OU parameters showed stage-associated tendencies, including higher average diffusion in refractory and very-early disease groups, although posterior intervals overlapped substantially and did not support sharply separated dynamical regimes. Simulation analyses indicated that Bayesian calibration provided stable posterior computation and interpretable uncertainty quantification under sparse sampling, although recovery remained parameter- and schedule-dependent and predictive performance was limited. These findings show that Bayesian-calibrated stochastic models provide a useful framework for interpreting longitudinal tumor evolution in pediatric leukemia. While not intended for clinical prediction, this approach offers a quantitative perspective on stage-dependent disease dynamics and highlights the importance of uncertainty-aware modeling in sparse clinical datasets."
"pubmed","42725847","10.1002/iid3.70497","Exploring the Mechanism of Action of Danggui Buxue Decoction in Treating Chronic Glomerulonephritis Based on UPLC-MS/MS and Network Pharmacology.","Liu, Qiao; Wang, Yinghang; Wang, Xinyue; Yang, Hongmei; Pan, Zhi; Guo, Di","Immunity, inflammation and disease","2026-09-11","https://pubmed.ncbi.nlm.nih.gov/42725847/","ETHNOPHARMACOLOGICAL RELEVANCE: According to Chinese medicine theory, chronic glomerulonephritis (CGN) is characterized by dampness-heat and blood stasis. Danggui Buxue Decoction (DBD) has shown good efficacy in the treatment of diseases associated with qi deficiency and blood stasis (such as CGN). However, the molecular mechanisms behind its therapeutic effects are unclear. AIM OF THE STUDY: This study aims to elucidate the role and mechanism of action of DBD in the treatment of CGN. MATERIALS AND METHODS: The chemical composition of DBD was identified using UPLC-MS/MS, and network pharmacology, bioinformatics, and molecular-docking techniques were employed to predict the core targets and key signaling pathways of DBD in the treatment of CGN. At the same time, we established an LPS-induced rat glomerular mesangial (HBZY-1) cell model and a CGN rat model for in vitro and in vivo validation. We used MTT and Transwell assays to assess the viability, migration, and invasion capabilities of HBZY-1 cells, and also measured inflammatory cytokine levels via ELISA. A preliminary evaluation of the regulatory effects of DBD on key proteins in the TLR4/NF-kappaB signaling pathway in HBZY-1 cells using immunofluorescence. Biochemical analyses of urine and serum were performed to measure 24-h urinary protein, Serum Creatinine (SCr), Blood Urea Nitrogen (BUN), and levels of inflammatory factors in rats. Pathological changes in kidney tissue were examined using HE, Masson, and PAS staining. The extent of apoptosis in kidney tissue cells was assessed using TUNEL and JC-1 staining assays. Immunohistochemistry, immunofluorescence, RT-qPCR, and Western blotting were used to detect the expression of relevant mRNAs and proteins in kidney tissue. RESULTS: The UPLC-MS/MS method was used to identify 104 chemical components and 499 potential targets of action in DBD. The 166 potential target genes in DBD are associated with the therapeutic mechanism of CGN. Results from network pharmacology and bioinformatics suggest that the NF-kappaB signaling pathway may be a potential mechanism underlying the treatment of CGN with DBD. In vitro experiments demonstrated that DBD suppressed the survival rate of HBZY-1 cells, upregulated the secretion of Interleukin- 4 (IL-4) and Interleukin- 10 (IL-10), and downregulated the expression of Toll-Like Receptor 4 (TLR4) and Nuclear Factor kappa-B (NF-kappaB) proteins. In vivo, DBD downregulated 24-h urinary protein, SCr, BUN, Tumor Necrosis Factor-alpha (TNF-alpha), and Interleukin- 6 (IL-6) levels in CGN rats, while upregulating IL-4 and IL-10 levels. At the same time, DBD exerts its therapeutic effect on CGN by inducing apoptosis through a reduction in mitochondrial membrane potential and by alleviating the inflammatory response via inhibition of the TLR4/NF-kappaB pathway. CONCLUSIONS: In summary, DBD may exert a therapeutic effect on CGN by regulating the TLR4/NF-kappaB signaling pathway, thereby suppressing the inflammatory response and modulating apoptosis."
"pubmed","42724740","10.21037/jtd-2026-0900","Single-cell and machine learning identify a trihydroxybutyrylation-related prognostic signature in esophageal cancer.","Zhang, Qun; Li, Duojie; Yin, Hongmei; Zhu, Chaomang; Huang, Jie; Zhou, Shixiang","Journal of thoracic disease","2026-09-11","https://pubmed.ncbi.nlm.nih.gov/42724740/","BACKGROUND: Esophageal squamous cell carcinoma (ESCC) is a highly aggressive malignancy with a poor prognosis. This study identifies malignant epithelial subtypes and establishes prognostic biomarkers through single-cell transcriptomics and integrative machine learning approaches. METHODS: We re-analyzed the single-cell RNA sequencing data (GSE188900) and identified malignant epithelial cells using inferCNV. Differentially expressed genes (DEGs) among malignant epithelial subtypes were identified and intersected with lysine beta-hydroxybutyrylation (Kbhb)-related genes. Candidate genes were screened using Cox, least absolute shrinkage and selection operator (LASSO), and extreme gradient boosting (XGBoost) to construct a random survival forest (RSF) prognostic model. Model performance was validated in GSE53625, TCGA-ESCC, and GSE53624 cohorts. Finally, the expression of prognostic genes was detected by quantitative polymerase chain reaction (qPCR). RESULTS: Single-cell RNA sequencing identified three distinct malignant epithelial cells in ESCC. Among them, the Malignant2 subtype exhibited stemness-related characteristics, initiated tumor differentiation, and was potentially regulated by the transcription factor (TF) SOX11. There were 659 genes identified by intersecting Malignant2-related DEGs with Kbhb-related genes. Based on these genes, a seven-gene prognostic model was constructed, and a corresponding risk score was calculated. Correlation analysis showed that the risk score was positively associated with tumor stage. qPCR results confirmed that the expression patterns of the prognostic genes were consistent with the computational analysis. The enrichment of Kbhb-related genes in the Malignant2 subtype suggests a potential link between metabolic reprogramming and epigenetic regulation in ESCC progression. CONCLUSIONS: We identified distinct malignant epithelial subtypes in ESCC and developed a seven-gene prognostic signature based on Kbhb-related genes. This model demonstrated robust predictive performance and was significantly associated with tumor stages."
"pubmed","42723633","10.1093/bioinformatics/btag456","Genomic language model for predicting enhancers and their allele-specific activity in the human genome.","Sathian, R; Dutta, P; Ay, F; Davuluri, R V","Bioinformatics (Oxford, England)","2026-09-11","https://pubmed.ncbi.nlm.nih.gov/42723633/","MOTIVATION: Predicting and deciphering the regulatory logic of enhancers remains a significant challenge due to their complex sequence features and the absence of consistent genetic or epigenetic signatures that distinguish them from other genomic regions. Existing machine learning methods capture nucleotide composition but often fail to model sequence context effectively. RESULTS: We present DNABERT-Enhancer, a novel enhancer prediction method, by applying DNABERT pre-trained language model on the human genome. Using ENCODE registry of candidate cis-regulatory elements (cCREs), we curated a benchmark dataset, consisting of 21,926 enhancers of 201 bp length and 46,159 enhancers of 350 bp length, as positive instances. The best fine-tuned model achieved 88.05% accuracy and a Matthews correlation coefficient of 76% on an independent dataset. Genome-wide application identified 1,684,595 enhancer regions covering 26.65% of the human genome. By performing integrative analyses with DNABERT-based transcription factor models, we identify 2,681 statistically significant loss-of-function and 1,917 gain-of-function enhancer variants, which respectively alter the function of 1,623 and 1,247 ENCODE-cCRE enhancers. Similarly, we identify 4,057 candidate de novo enhancers, created by 5,464 gain-of-function variants. These genome-wide enhancer annotations and candidate genetic variants predicted by DNABERT-Enhancer provide valuable resources for genome interpretation in functional and clinical genomics studies. AVAILABILITY: DNABERT-Enhancer is freely available at https://github.com/DavuluriLab/DNABERT-Enhancer; Trained model predictions can be explored interactively via the web application at https://dnabert-enhancer-datarepo.streamlit.app/. The fine-tuned models are archived and citable through Zenodo (https://doi.org/10.5281/zenodo.19157566). SUPPLEMENTARY INFORMATION: Supplementary data are available at Bioinformatics online."
"pubmed","42723412","10.1111/gbb.70059","An Integrated Analysis of Manganese Metabolism-Related Genes and Their Association With Biomarkers, Immune Infiltration, and Clinical Subtypes in Alzheimer's Disease.","Shu, Shengnan; Hu, Jiahao; Hu, Shanshan; Yao, Yefeng","Genes, brain, and behavior","2026-09-11","https://pubmed.ncbi.nlm.nih.gov/42723412/","Alzheimer's disease (AD), a neurodegenerative condition marked by amyloid-beta plaques and tau protein neurofibrillary tangles, progresses against a backdrop of essential biological processes. Manganese, an indispensable trace element for vital functions including energy metabolism and antioxidant defense, is integral to neurological health. Its precise metabolic role throughout the course of AD pathogenesis is not fully elucidated. Four essential manganese metabolism-related genes were identified as diagnostic markers through a multi-omic framework. This approach integrated Weighted Gene Co-Expression Network Analysis with machine learning ensembles (Least Absolute Shrinkage and Selection Operator/Random Forest/Extreme Gradient Boosting), followed by rigorous testing in an independent dataset. Beyond identification, we utilized CIBERSORT and ssGSEA to characterize immune infiltration and leveraged GSEA/GO/KEGG for pathway elucidation. Finally, AD patients were stratified into molecular subgroups based on these hub genes, and their underlying regulatory networks involving miRNAs and transcription factors were reconstructed. An integrated bioinformatics framework identified 12 differentially expressed genes related to manganese metabolism in AD. Machine-learning-based feature selection further pinpointed four key diagnostic biomarkers (TSPO, PTBP1, GLO1, and ACACB) with high discriminative power (AUC: 0.831-0.905). Immune infiltration analysis revealed substantial immune remodeling in AD, including an elevation of naive B cells. Moreover, AD samples were classified into two molecular subtypes displaying distinct immune and metabolic characteristics, and regulatory miRNA/TF interaction networks were constructed for the core genes. Our results shed new light on the molecular mechanisms underlying AD and support future efforts toward early diagnosis and personalized therapeutic interventions based on molecular subtypes."
"pubmed","42723231","10.1002/cbic.202500967","A Novel SXXLF Motif in the FXR N-Terminal Domain Mediates Coregulator and Interdomain Interactions.","Villalona, Priscilla; Pulahinge, Thilini; Yu, Tracy; Wenning, Jordan; Khan, Sabab Hasan; Frisbie, Crawford Joseph; Magafas, Jill; Barbe, Addison; Okafor, C Denise","Chembiochem : a European journal of chemical biology","2026-09-11","https://pubmed.ncbi.nlm.nih.gov/42723231/","The nuclear receptor (NR) superfamily is comprised of ligand-regulated transcription factors that contain an intrinsically disordered domain at the amino-terminal end, known as the N-terminal domain (NTD). While this poorly conserved domain is known to possess ligand-independent activation function (AF-1), few NTD functions are conserved between NRs. Identified roles in other receptors include androgen receptor (AR), estrogen receptor (ER), and mineralocorticoid receptor (MR). Here, we aim to define the function of the NTD of the farnesoid X receptor (FXR), a crucial regulator of lipid and bile acid metabolism. We show that the NTD engages in interdomain contact with other FXR domains. We also observe that the NTD interacts directly with coregulator proteins. Using mutagenesis, mammalian two-hybrid assays, mammalian one-hybrid assay, and molecular dynamics (MD) simulations, we identify and validate a novel SXXLF motif in the NTD which mediates interactions with both coregulators and the ligand binding domain. Mutation of the motif induces large changes in conformational and allosteric coupling in FXR. Our study identifies a new nuclear receptor-interacting motif that modulates the transcriptional activity of FXR."
"pubmed","42722717","10.1038/s41598-026-70626-y","ZUP1 contributes to cisplatin resistance and treg-related signaling in non-small cell lung cancer.","Xiong, Wanyan; Deng, Zhixuan; Ding, Fang; Xiao, Zhike; Shi, Wang; Gu, Gang; Yan, Nan","Scientific reports","2026-09-11","https://pubmed.ncbi.nlm.nih.gov/42722717/","Acquired cisplatin resistance limits platinum chemotherapy efficacy in non-small cell lung cancer (NSCLC) and is accompanied by tumor immune microenvironment (TME) remodeling. We integrated public NSCLC single-cell RNA-seq datasets to compare cellular composition and CellChat-inferred communication between post-chemotherapy remission and relapse/resistant tumors, and validated ZUP1 expression and prognostic relevance in TCGA and external cohorts. In cisplatin-resistant A549/R and SK-MES-1/R cells, we generated stable ZUP1 knockdown and assessed proliferation, tumorsphere growth and formation, apoptosis (Annexin V/PI) and BAX/BCL2 expression, and xenograft growth. Tumor cell-peripheral Treg co-cultures were used to quantify the proportion of FOXP3(+) cells within the gated CD4(+) population. Natural-product screening was guided by molecular docking, and ZUP1-compound binding was evaluated by surface plasmon resonance (SPR). Peimisine responses were compared between parental and cisplatin-resistant cells. In A549/R cells, experimentally measured viability across a peimisine-cisplatin concentration matrix and cisplatin dose-response curves at fixed peimisine concentrations were used to evaluate changes in cisplatin sensitivity. Resistant tumors exhibited remodeled cellular composition and enhanced intercellular communication, including increased epithelial-to-Treg signaling. ZUP1 was upregulated in resistant models and associated with unfavorable prognosis. ZUP1 knockdown suppressed growth and tumorsphere formation, increased apoptosis, reduced tumorigenicity in vivo, and reduced the proportion of CD4(+)FOXP3(+) Treg-like cells in co-culture. Peimisine directly bound ZUP1 by SPR, inhibited resistant cell growth, and was associated with lower estimated cisplatin IC(5)(0) values in A549/R cells at fixed peimisine concentrations. ZUP1 contributes to the maintenance of cisplatin-resistant growth and is associated with enhanced Treg-related immunosuppressive signaling in NSCLC. Peimisine directly binds ZUP1 and may serve as a preliminary natural-product lead for further target-validation and combination studies."
"pubmed","42722432","10.1101/gad.353898.126","A HUWE1 regulatory helix gates ASCL1 degradation through its C-terminal phospho-degron in small cell lung cancer.","Masuzawa, Keita; Dong, Kevin D; XiaoYang Hu, Calvin; Peng, Ting; Myung, Yoochan; Singh, Shilpa; Li, Xinyue; Wang, Tianchu; Jin, Cyrus; Paulo, Joao A; Yang, Ka; Schmid, Ernst W; Booker, Matthew A; Li, Yixiang; Hong, Deli; Lazo, Suzan; Tolstorukov, Michael Y; Doench, John G; Duplaquet, Leslie; Donovan, Katherine A; Iqbal, Sumaiya; Fischer, Eric S; Liau, Brian B; Gygi, Steven P; Oser, Matthew G","Genes & development","2026-09-10","https://pubmed.ncbi.nlm.nih.gov/42722432/","Lineage-defining transcription factors are key oncogenic drivers but remain difficult to target pharmacologically due to the absence of ligandable pockets. The molecular rules governing substrate recognition by large HECT ubiquitin ligases also remain incompletely understood, limiting efforts to exploit these enzymes for targeted protein degradation. Here we combine genome-wide CRISPR knockout screening with base editor tiling screens at amino acid resolution, both coupled to an endogenous knock-in reporter of the SCLC lineage oncogenic transcription factor ASCL1, to systematically interrogate the mechanisms governing its degradation. These complementary screens unbiasedly identify the HECT ubiquitin ligase HUWE1 as the dominant regulator of ASCL1 stability in small cell lung cancer (SCLC) and resolve a conserved C-terminal phospho-degron centered on Ser207 and terminal Trp/Phe residues that are required for HUWE1 docking and ubiquitin-mediated degradation. Unexpectedly, base editor screening further uncovers a previously unrecognized regulatory module within HUWE1: a short negatively charged helix that functions as an autoinhibitory gate controlling access of phospho-degron substrates to HUWE1. Charge-flipping mutations within this regulatory helix relieve autoinhibition and accelerate degradation of multiple HUWE1 phospho-degron substrates, including ASCL1 and the canonical HUWE1 substrate DDIT4. Stabilization of ASCL1 through degron disruption paradoxically impairs SCLC proliferation, revealing that dynamic proteasome-coupled turnover is required for transcription factor function. Together, these findings reveal molecular rules governing HUWE1 phospho-degron recognition and identify a regulatory gate controlling substrate engagement. They also illustrate a generalizable strategy for resolving degradation mechanisms of undruggable transcription factors in their endogenous cellular context."
"pubmed","42721176","10.1109/TCBBIO.2026.3731227","DMGRN: Enhancing Diffusion Models for Gene Regulatory Network Inference.","Li, Rongyuan; Wu, Jingli; Chen, Chunfeng; Li, Gaoshi; Liu, Jiafei; Hu, Haize; Xuan, Junbo; Liu, Jinlu; Deng, Zheng; Gong, Daoqing","IEEE transactions on computational biology and bioinformatics","2026-09-10","https://pubmed.ncbi.nlm.nih.gov/42721176/","Gene regulatory networks (GRNs) encode the intricate interactions between transcription factors (TFs) and their target genes, playing a pivotal role in orchestrating cellular metabolism, proliferation, and differentiation, thereby illuminating the molecular mechanisms underlying disease onset and progression. The increasing availability of single-cell RNA sequencing (scRNA-seq) data offers unprecedented opportunities for computational GRN inference. However, the inherent high noise and sparsity of scRNA-seq data considerably impair the performance of existing inference methods. To overcome these limitations, we propose DMGRN, a novel GRN inference frame work built upon an improved Denoising Diffusion Probabilistic Model (DDPM). Our approach first applies a forward diffusion process to progressively introduce Gaussian noise into the raw expression data, and subsequently employs a reverse process integrated with a structural equation model (SEM) to predict the noise, thereby accurately recovering gene regulatory relationships. To further enhance inference fidelity, we introduce a gene similarity alignment loss that encourages correlation consistency between the predicted noise and the perturbed data at the gene level, enabling the model to simultaneously capture cellular-level noise residuals and gene-level regulatory co-expression patterns. Experimental results on 28 BEELINE benchmark datasets demonstrate that DMGRN achieves the highest Early Precision Ratio (EPR) on 18 out of 28 BEELINE benchmark configurations, demonstrating superior stability and computational efficiency compared to state-of-the-art methods."
"pubmed","42720894","10.1007/s12010-026-05917-1","Production of Anti-melanogenic Glucosides via Molecular Docking-guided Biotransformation of p-hydroxyphenethyl anisate.","Chang, Te-Sheng; Wu, Jiumn-Yih; Ding, Hsiou-Yu; Cho, Shu-Chi; Wang, Tzi-Yuan; Tsao, Che-Chia; Chen, Jou-Yi; Wu, Chien-Yu; Ting, Huei-Ju","Applied biochemistry and biotechnology","2026-09-10","https://pubmed.ncbi.nlm.nih.gov/42720894/","p-Hydroxyphenethyl anisate (HP) has been identified as a natural compound with whitening activity in melanoma cells and zebrafish. Considering that glycosylation can enhance the solubility, stability, and bioactivity of natural products, we investigated whether HP could serve as a substrate for glycosylation enzymes. Molecular docking predicted favorable interactions between HP and amylosucrase as well as glycosyltransferases, suggesting the potential formation of alpha- and beta-glucosides. Enzymatic reactions confirmed the production of phenethylanisate-4'-O-alpha-glucoside (HP-alpha-glc) and phenethylanisate-4'-O-beta-glucoside (HP-beta-glc). The structures were validated by mass spectrometry, enzymatic digestion (HP-alpha-glc), or nuclear magnetic resonance spectroscopy (HP-beta-glc). Biological evaluation revealed that both glucosides suppressed melanogenesis in murine B16-F1 melanoma cells at non-cytotoxic concentrations. Mechanistic studies demonstrated that HP-beta-glc not only inhibited tyrosinase activity but also downregulated the expression of the microphthalmia-associated transcription factor (MITF) and tyrosinase at both the protein and mRNA levels, thereby attenuating melanogenesis through transcriptional regulation. Consistently, in vivo assays demonstrated that HP-beta-glc effectively inhibited pigmentation in zebrafish embryos without inducing developmental toxicity, and its effect was comparable to that of the positive control, raspberry ketone. These findings highlight the enzymatic glycosylation of HP as a viable strategy to generate bioactive derivatives with improved functional properties. In particular, HP-beta-glc retains the anti-melanogenic activity of HP, providing mechanistic evidence and preclinical validation for its potential application as a safe and effective skin-whitening agent."
"pubmed","42720357","10.1021/acs.jpcb.6c02456","PTM-Driven Reshaping of the Peptide Translocation Landscape in Bilayer Graphene Nanopores.","Upadhyaya, Anurag; Sur, Pranjal; Varma, Manoj; Maiti, Prabal K","The journal of physical chemistry. B","2026-09-10","https://pubmed.ncbi.nlm.nih.gov/42720357/","Post-translational modifications (PTMs) underpin much of protein regulation, yet their single-molecule readout remains a challenge in nanopore proteomics. While biological nanopores have shown exquisite PTM sensitivity, the microscopic mechanisms by which PTMs perturb signals in solid-state nanopores are largely unexplored. Here, we use all-atom molecular dynamics to investigate how three common PTMs, acetylation, phosphorylation, and methylation, modulate the translocation of a cancer-relevant p53 peptide fragment through a bilayer graphene nanopore. We find that PTMs remodel the translocation landscape far more strongly at the level of dwell-time statistics than at the level of mean current blockade. Acetylation enhances peptide-graphene adhesion and substantially slows transport, with adjacent acetylations producing the longest residence times due to cooperative interfacial interactions, while remotely spaced acetylations yield broader, heterogeneous dynamics. Phosphorylation introduces a negative charge that increases dwell time through an electrostatic tug-of-war. In contrast, methylation minimally perturbs translocation due to weak pore interactions and preserved charge. Combining dwell time with relative blockade features enables a simple linear SVM classifier to reliably distinguish unmodified, acetylated, and phosphorylated states. These results establish mechanistic design principles for PTM detection using solid-state nanopores and delineate which classes of PTMs are the most amenable to single-molecule detection with these devices."
"pubmed","42719677","10.2147/DDDT.S594483","Matrine Alleviates Sepsis-Induced Acute Lung Injury by Reinforcing NQO1/SLC7A11/GPX4-Associated Anti-Ferroptotic Defenses and Attenuating NF-kappaB-Driven Inflammation.","Chen, Xue; Yuan, Min; Huang, Ting; Wang, Yuxuan; Lei, Zihan; Qing, Jingxue; Gong, Hailong; Aidebaike, Delida; Zhang, Zhengyu; Wu, Xiaojing","Drug design, development and therapy","2026-09-10","https://pubmed.ncbi.nlm.nih.gov/42719677/","BACKGROUND: Sepsis triggers dysregulated systemic inflammation and multiple-organ dysfunction, with the lungs being particularly susceptible to injury. Sepsis-induced acute respiratory distress syndrome (ARDS) is mainly driven by TLR4/NF-kappaB-mediated hyperinflammation and alveolar macrophage activation. Matrine, a bioactive alkaloid derived from Sophora flavescens, has been reported to modulate redox homeostasis and ferroptosis-associated lipid peroxidation. However, the target-specific mechanisms underlying its effects on ferroptosis and inflammatory signaling in sepsis-induced acute lung injury (SALI) remain incompletely understood. PURPOSE: This study aimed to evaluate the therapeutic effects of matrine in a cecal ligation and puncture (CLP)-induced SALI model and to determine whether its protective effects involve reinforcement of NQO1/SLC7A11/GPX4-associated anti-ferroptotic defenses and suppression of NF-kappaB-driven inflammation. METHODS: We analyzed the single-cell RNA-sequencing (scRNA-seq) dataset GSE273924 to characterize CD45-enriched pulmonary immune-cell subsets in sham mice and mice with intratracheal Escherichia coli-induced pneumonia. Network pharmacology and Kyoto Encyclopedia of Genes and Genomes (KEGG) enrichment analyses were performed to predict Kushen (KS)-related targets and pathways associated with SALI. Differential expression analysis and weighted gene co-expression network analysis (WGCNA) of GSE245013 were used to identify candidate targets. Matrine-NQO1 binding and intracellular target engagement were evaluated using molecular docking, molecular dynamics simulations, surface plasmon resonance (SPR), and the cellular thermal shift assay (CETSA). The therapeutic effects of matrine were assessed in mice with CLP-induced SALI and in lipopolysaccharide (LPS)-stimulated MH-S cells. Lung histopathology, inflammatory cytokine production, target protein expression, ferroptosis-associated indicators, and NF-kappaB activation were evaluated using molecular, biochemical, and histological assays. The functional contribution of NQO1 was further examined using the NQO1 inhibitor ES936. RESULTS: scRNA-seq analysis of GSE273924 revealed substantial remodeling of the CD45-enriched pulmonary immune-cell landscape in mice with intratracheal E. coli-induced pneumonia, including macrophage transcriptional programs associated with ferroptosis and inflammatory signaling. Integrated network pharmacology and bioinformatics analyses prioritized NQO1 as a candidate target of matrine and identified NF-kappaB signaling as a potentially relevant pathway. Molecular docking, molecular dynamics simulations, SPR, and CETSA supported matrine-NQO1 binding and intracellular target engagement. Functionally, matrine improved survival, attenuated lung injury, reinforced NQO1/SLC7A11/GPX4-associated anti-ferroptotic defenses, and suppressed NF-kappaB activation in CLP mice. Similar protective effects were observed in LPS-stimulated MH-S cells. ES936 partially attenuated the matrine-mediated improvements in cell viability, redox homeostasis, ferroptosis-associated indicators, and NF-kappaB p65 phosphorylation, supporting a functional contribution of NQO1 to the protective effects of matrine. CONCLUSION: Matrine alleviates SALI by reinforcing NQO1/SLC7A11/GPX4-associated anti-ferroptotic defenses and attenuating NF-kappaB-driven inflammation."
"pubmed","42718959","10.1177/11779322261488174","In silico Identification of Key Genes and Repurposable Drugs for Triple-Negative Breast Cancer.","Zarin, Nazia; Tanha, Tasnim Hosen; Nishad, Mimuna; Parvin, Rehana; Ashad, Redwan; Islam, Md Sajedul; Haque, Shaila","Bioinformatics and biology insights","2026-09-10","https://pubmed.ncbi.nlm.nih.gov/42718959/","Triple-negative breast cancer (TNBC) is a highly aggressive and treatment-resistant subtype, lacking HER2, progesterone, and estrogen receptors. Systemic chemotherapy remains the primary treatment due to the absence of molecular targets, often leading to poor prognosis and high recurrence. This study used an integrated in silico transcriptomic and network-based bioinformatics approach to identify TNBC key genes (TKGs) and explore potential therapeutic candidates. Four TNBC microarray datasets (GSE36295, GSE38959, GSE45827, and GSE65194) were analyzed with the LIMMA algorithm in GEO2R, revealing 315 TNBC-shared differentially expressed genes (TSDEGs). Eight strongly connected TKGs were identified via topological analysis and protein-protein interaction (PPI) network construction across the STRING and IMEx databases from TSDEGs: CDK1, TOP2A, CCNB1, CDK2, FN1, UBC, PRKDC, and PARP1. Enrichment analysis of biological processes, molecular functions, cellular components, and KEGG pathways, combined with regulatory network analysis involving transcription factors and microRNAs, identified pathogenic roles of these genes. CDK1 and CDK2 were identified as the top pharmacological targets for molecular docking studies. Finally, TKG-guided top-ranked two drug molecules (Alsterpaullone and BLU-222) emerged as promising repurposed therapeutic candidates for TNBC. The absorption, distribution, metabolism, excretion, and toxicity (ADMET) and drug-likeness analyses showed these molecules have favorable pharmacokinetic properties. Molecular dynamics simulations over 100 nanoseconds demonstrated stable binding interactions and favorable behavior for the complexes CDK1-Alsterpaullone and CDK2-BLU-222, as indicated by root mean square deviation, fluctuation, and molecular interactions generalized Born surface area. Overall, these findings may aid in diagnosing and treating TNBC, providing valuable resources for future therapeutic strategies."
"pubmed","42718780","10.3389/fimmu.2026.1891212","Secoisolariciresinol diglucoside alleviates inflammatory injury in osteoarthritis chondrocytes through ERBB2-associated JAK2/STAT3 signaling: network pharmacology and experimental validation.","Hu, Haibei; Li, Gaoshan; Wang, Yangxu; Xie, Suyu; Cao, Feng; Li, Huanyu; Gao, Xubin","Frontiers in immunology","2026-09-10","https://pubmed.ncbi.nlm.nih.gov/42718780/","BACKGROUND: Cartilage injury is a hallmark of osteoarthritis (OA). erb-B2 receptor tyrosine kinase 2 (ERBB2) has been reported to be involved in mediating the therapeutic effects of polyphenols in orthopedic diseases. This study aimed to investigate the protective effects and underlying mechanisms of action of ERBB2 in OA chondrocytes. METHODS: Bioinformatics analysis and molecular docking were used to predict the binding relationship between ERBB2 and the polyphenolic compound, secoisolariciresinol diglucoside (SDG). ATDC5 cells were induced with insulin-transferrin-selenium (ITS), followed by lipopolysaccharide (LPS) exposure to mimic OA inflammation, and treated with SDG. Cell viability, collagen II expression, apoptosis, interleukin 6 (IL-6)/Tumor Necrosis Factor-alpha (TNF-alpha) secretion, and malondialdehyde (MDA)/superoxide dismutase (SOD) levels were evaluated using cell counting kit-8 (CCK-8), immunofluorescence, flow cytometry, enzyme-linked immunosorbent assay (ELISA), and commercial kits. Matrix metalloproteinase 13 (MMP13) and ERBB2 mRNA levels were assessed by quantitative real-time polymerase chain reaction (qRT-PCR). Extracellular matrix integrity was assessed by toluidine blue staining. The predicted SDG-ERBB2 interaction was validated using a cellular thermal shift assay (CETSA). Western blotting was performed to assess the expression of ERBB2 and JAK2/STAT3. Rescue experiments with ERBB2 overexpression or colivelin (a JAK/STAT activator) treatment confirmed the involvement of this pathway. RESULTS: SDG dose-dependently reversed the LPS-induced reduction in cell viability and collagen II expression, while suppressing apoptosis, IL-6/TNF-alpha secretion, and MDA levels, and increasing SOD activity. SDG significantly reduced MMP13 mRNA levels and enhanced extracellular matrix proteoglycan deposition, indicating the preservation of matrix integrity. ERBB2 has been identified as a candidate target for SDG. SDG inhibits ERBB2 protein expression and reduces JAK2 and STAT3 phosphorylation ERBB2 overexpression and colivelin treatment abrogated the protective effects of SDG on cell viability, collagen II expression, apoptosis, inflammation, and oxidative stress, as well as its suppression of MMP13 and preservation of matrix integrity. CONCLUSION: SDG protects chondrocytes against LPS-induced inflammatory injury by targeting ERBB2 and suppressing the downstream JAK2/STAT3 signaling pathway. These findings provide mechanistic evidence supporting the chondroprotective potential of SDG under inflammatory conditions and suggest that ERBB2/JAK2/STAT3 signaling may represent a potential therapeutic target in OA."
"pubmed","42717275","10.1111/nph.71535","A C-repeat binding factor-salicylic acid (CBF-SA) module links wound-induced evaporative cooling to tissue repair in plants.","Balem, Joseph Michael; Tan, Chenjiao; Dias, Nathalia Cassia Ferreira; Arnold, Mariah; Tran, Sorrel; Severns, Paul M; Teixeira, Paulo Jose Pereira Lima; Li, Changying; Yang, Li","The New phytologist","2026-09-10","https://pubmed.ncbi.nlm.nih.gov/42717275/","Repairing damaged tissues is essential for the survival of all organisms. In plants, tissue injury rapidly triggers defense and repair programs. However, the molecular mechanisms linking early injury cues to the later stage of wound repair remain unclear. Here, we show that wounding of Arabidopsis leaves induces localized low temperature at the injury site, likely caused by evaporative cooling, which is accompanied by an activation of cold-responsive genes. Using thermal imaging combined with computer vision and deep learning, we developed a workflow to monitor the dynamics of wound healing in a quantitative, non-invasive, and real-time manner. Mechanistically, we show that C-repeat Binding Factor (CBF) transcription factors are required for the activation of the injury-associated cold response and downstream salicylic acid (SA) signaling. Our findings suggest that the CBF-SA pathway acts coordinately to promote lignin and callose deposition, thereby facilitating wound repair. Together, these findings reveal a link between a wound-induced biophysical cue and the tissue repair program."
"pubmed","42716906","10.1016/j.joim.2026.08.008","Xiaobanxia decoction, a compound Chinese herbal medicine, attenuates chemotherapy-induced nausea and vomiting via restoring AMPK/TFEB-mediated BNIP3/NIX mitophagy.","Feng, Lei; Zhai, Ya-Rong; Liang, Wan; Kan, Shao-Jun; Nie, Ke","Journal of integrative medicine","2026-09-09","https://pubmed.ncbi.nlm.nih.gov/42716906/","OBJECTIVE: Xiaobanxia decoction (XBXD), a classical Chinese antiemetic formula, has potential benefits for treating chemotherapy-induced nausea and vomiting (CINV). The present study investigates its antiemetic effect and explores the possible mechanisms. METHODS: Network pharmacology and molecular docking were used to predict potential therapeutic targets and pathways. The efficacy and mechanism of XBXD were evaluated using a cisplatin-induced rat pica model and an intestinal epithelial cell line-6 (IEC-6) cell injury model. Antiemetic effects were assessed by measuring kaolin intake, food consumption, and body weight. Gastric antrum and ileum pathological changes were examined by hematoxylin and eosin staining. Enzyme-linked immunosorbent assays were used to assess tissue levels of interleukin-1beta (IL-1beta), interleukin-18 (IL-18), and reactive oxygen species (ROS). Mitochondrial injury and mitochondrial ROS were evaluated using transmission electron microscopy and fluorescence microscopy. Mitophagy and adenosine monophosphate-activated protein kinase (AMPK)/transcription factor EB (TFEB) pathway activation were assessed using Western blotting and immunofluorescence. RESULTS: Compared with the model group, XBXD significantly reduced kaolin consumption, alleviated gastric antrum and ileum pathological damage, and decreased IL-1beta, IL-18 and ROS levels in both gastric antrum and ileum tissues. XBXD also improved mitochondrial ultrastructural morphology, reduced mitochondrial ROS, and restored mitochondrial membrane potential in vivo and in vitro. Furthermore, XBXD increased the microtubule-associated protein 1 light chain 3-II/-I (LC3-II/LC3-I) ratio, reduced sequestosome-1 (p62) accumulation, and upregulated BCL2/adenovirus E1B 19 kDa interacting protein 3 (BNIP3) and Nip3-like protein X (NIX) expression, indicating restoration of mitophagy. Mechanistically, the AMPK/TFEB signaling pathway was triggered by the XBXD treatment. CONCLUSION: XBXD ameliorates CINV in association with activation of the AMPK/TFEB pathway and the restoration of BNIP3/NIX-mediated mitophagy. Please cite this article as: Feng L, Zhai YR, Liang W, Kan SJ, Nie K. Xiaobanxia decoction, a compound Chinese herbal medicine, attenuates chemotherapy-induced nausea and vomiting via restoring AMPK/TFEB-mediated BNIP3/NIX mitophagy. J Integr Med. 2026; Epub ahead of print."
"pubmed","42716166","10.1016/j.ijbiomac.2026.154387","Balanced regulation of UvsX activity and thermostability based on active learning.","Li, Lingsong; Zhang, Lin; Li, Dongxiao; Zhang, Jiaxing; You, Shengping; Su, Rongxin; Qi, Wei","International journal of biological macromolecules","2026-09-09","https://pubmed.ncbi.nlm.nih.gov/42716166/","Recombinase polymerase amplification (RPA) enables isothermal nucleic acid detection. However, the key enzyme UvsX of RPA exhibits suboptimal efficiency at low-temperature conditions and low template concentration. Here, we employed a directed engineering strategy combining energy-based screening and protein language models (PLMs). Through semi rational design and iterative optimization with EVOLVEpro, we obtained a triple mutant, TIG (S233T/A311I/A341G), which achieved 1.89-fold RPA relative activity of the wild-type (WT) at a template concentration of 1 x 10(5) copies reaction(-1), and showed higher amplification activity to WT across 37.5-44.3  degrees C at a template concentration of 1 x 10(4) copies reaction(-1). Molecular dynamics simulations revealed that TIG enhances residue flexibility and remodels the ATP-binding pocket, thereby improving DNA-binding pathway connectivity and strengthening the coupling between ATP hydrolysis and DNA strand exchange. Per-residue energy decomposition and protein structure network analyses further elucidate how key mutations modulate DNA-binding pathways. Finally, under optimized expression conditions (20  degrees C, 12 h, 0.1 mM IPTG), the yield reached 206.87 +/- 3.56 mg L(-1) of TIG. Collectively, this study provides a strategy for UvsX engineering and establishes a foundation for the development of more robust RPA assays."
"pubmed","42715328","10.1126/sciadv.aeg1097","GSK3beta and Plk1 sequentially phosphorylate ATP-citrate lyase to promote homologous recombination.","Zhou, Shinan; Zhou, Xinyu; Chen, Qinfu; Yuan, Xueying; Zhu, Shukai; Huang, Jun; Wang, Fangwei; Yan, Haiyan","Science advances","2026-09-09","https://pubmed.ncbi.nlm.nih.gov/42715328/","Accurate repair of DNA double-strand breaks (DSBs) by homologous recombination (HR) is essential for genome stability. Nuclear production of acetyl-coenzyme A (acetyl-CoA) by ATP-citrate lyase (ACLY) promotes HR, yet how ACLY is regulated during the DNA damage response (DDR) remains unclear. Here, we identify a phosphorylation-dependent signaling axis in which glycogen synthase kinase 3beta (GSK3beta) and Polo-like kinase 1 (Plk1) act sequentially on ACLY to facilitate HR-mediated repair of DSBs induced by ionizing radiation. Following AKT-dependent phosphorylation of ACLY at Ser(455), GSK3beta phosphorylates ACLY at Thr(447), generating a docking site for Plk1, which in turn phosphorylates ACLY at Ser(442). This phosphorylation cascade, enhanced by radiation, sustains histone acetylation, supports the accumulation of BRCA1 and RAD51 at DSBs, and confers cellular resistance to poly(ADP-ribose) polymerase (PARP) inhibition. Together, our findings define an AKT-GSK3beta-Plk1-ACLY signaling module that links the DDR to nuclear metabolism, revealing a critical mechanism by which kinase signaling facilitates acetyl-CoA-dependent chromatin remodeling to preserve genome integrity."
"pubmed","42713224","10.1039/d6sc03808e","Multivalent cations stabilize DNA duplexes beyond charge neutralization.","Chen, Yun-Long; Zheng, Chen-Chen; Zhang, Yan; Tan, Zhi-Jie; Zhang, Xing-Hua","Chemical science","2026-09-09","https://pubmed.ncbi.nlm.nih.gov/42713224/","Multivalent cations are abundant in cells and play essential roles in DNA duplex stability, genome packaging, and DNA-protein interactions. They can also condense DNA, making it challenging to determine their influence on DNA duplex stability. To overcome this challenge, we studied DNA unpeeling at equilibrium under high tension using magnetic tweezers, thereby preventing condensation. Experiments show that DNA duplex stability first increases and then decreases as cation concentration increases and the maximum DNA duplex stability increases with cation valence. The maximum free energy change of DNA was 3.33 k (B) T/bp for Na(+) and increased to 3.98 k (B) T/bp for protamine, which is a small arginine-rich protein with a highly positive charge ( approximately 21 for salmon sperm), corresponding to a relative increase of 19.5%. Consistently, all-atom molecular dynamics simulations show that higher-valent cations preferentially embed in the minor groove of DNA and clamp the minor groove, in contrast to the major-groove clamping reported for RNA, thereby stabilizing the helix more efficiently. These findings establish a single-molecule framework for quantifying DNA thermodynamics in complex ionic environments, which contributes to understanding ionic control of genome stability and to designing ion-tunable DNA-based nanostructures and delivery systems."
"pubmed","42712908","10.3389/fchem.2026.1916222","Repurposing of lansoprazole and nitazoxanide as NR2F2 inhibitors in the gastric cancer cell line GCIY: computational insights and siRNA-mediated in vitro tests.","Culletta, Giulia; Roomi, Muhammad Sohaib; Caricasulo, Maria Azzurra; Zanetti, Adriana; Terao, Mineko; Paroni, Gabriela; Garattini, Enrico; Tutone, Marco","Frontiers in chemistry","2026-09-09","https://pubmed.ncbi.nlm.nih.gov/42712908/","BACKGROUND: Nuclear receptors (NRs) are a superfamily of ligand-activated transcription factors that mediate the cellular response to hormones, vitamins, and dietary lipids, thus orchestrating numerous physiological processes and influencing multiple disease states. Within this superfamily, NR2Fs, also known as Chicken Ovalbumin Upstream Promoter Transcription Factor (COUP-TF), are a family of nuclear orphan receptors, due to the lack of known endogenous ligands. Among them, NR2F2 transcription factor activities involve regulation of cell differentiation during organogenesis, maintenance of adult tissue homeostasis, and tumorigenesis. To date, only the CIA compounds have been identified as inhibitors of NR2F2 driven transcriptional activity in prostate cancer cell lines, with the IC50 of CIA1 falling in the lower muM range. METHODS: A comprehensive computational analysis has been conducted in order to gain insight into the inhibitory activity of the prototype CIA1 against NR2F2 at a molecular level. We leveraged the outputs of computational analysis to perform a virtual screening campaign to FDA compounds capable of binding to NR2F2. Luciferase reporter assay was used to functionally validate the interaction. RNA interference approaches were used to validate the specificity of NR2F2 activity on cell proliferation. RESULTS: We identified lapatinib, glyburide, nitazoxanide, and lansoprazole as modulators of NR2F2-dependent reporter activity. In the gastric cancer cell line GCIY, lansoprazole and nitazoxanide exert antiproliferative effects that are mitigated by NR2F2 silencing. The convergence between in silico predictions and LBD-dependent reporter modulation supports the interpretation that lapatinib, glyburide, nitazoxanide, and lansoprazole represent bona fide functional interactors of NR2F2. CONCLUSION: Taken together, our data extend current evidence that NR2F2 is a ligandable orphan receptor whose transcriptional output can be pharmacologically tuned. Moreover, our findings provide new chemical tools for probing NR2F2 biology and nominate clinically used molecules as starting points for therapeutic or repurposing strategies targeting NR2F2-dependent programs."
"pubmed","42712103","10.1177/15330338261488956","An MRI-Based Intratumoral and Peritumoral 2.5D Deep Learning Model for Predicting P53-Mutated Hepatocellular Carcinoma: A Two-Center Study.","Weng, Jingfei; Li, Pinxiong; Yao, Dinghua; He, Yuqing; Yang, Chun; Yang, Bin","Technology in cancer research & treatment","2026-09-09","https://pubmed.ncbi.nlm.nih.gov/42712103/","IntroductionHepatocellular carcinoma (HCC) is the most common primary liver cancer with high mortality. TP53 is the most frequently mutated tumor-suppressor gene in HCC, and P53 mutations are associated with poor differentiation, vascular invasion, and lower survival. Preoperative noninvasive detection of P53-mutated HCC is critical for treatment planning and prognostic assessment. This study aimed to develop and validate a deep learning (DL) model for predicting P53 mutation status in HCC.MethodsIn this retrospective two-center study, 373 patients with pathologically confirmed HCC were enrolled from two institutions (Center 1: n=320; Center 2: n=53). The Center 1 cohort was randomly partitioned into a training cohort (n=256) and an internal test cohort (n=64). Patients from Center 2 constituted an independent external test cohort (n=53). We employed a 2.5D ResNet34 architecture to process three-channel dynamic contrast-enhanced magnetic resonance imaging (DCE-MRI). Separate deep learning models were constructed for intratumoral and peritumoral regions using both single-phase and multiphase (arterial, portal venous, and delayed) fusion sequences. Significant clinical variables were selected to build a Clinical model, which was subsequently integrated with the optimal deep learning model to create a Combined model. Model performance was assessed by the area under the curve (AUC), calibration curves, and decision curve analysis (DCA).ResultsMultiphase fusion models consistently outperformed their single-phase models. The peritumoral (5mm) fusion model (IntraPeri5mm_Fusion) outperformed the intratumoral fusion model, achieving AUCs of 0.881 (95% CI: 0.836-0.926), 0.772 (95% CI: 0.651-0.893), and 0.757 (95% CI: 0.624-0.891) on the training cohort, internal test cohort, and external test cohort, respectively. The Combined model yielded further incremental improvement, with AUCs reaching 0.886 (95% CI: 0.842-0.930), 0.805 (95% CI: 0.691-0.918), and 0.793 (95% CI: 0.668-0.918) across the respective cohorts.ConclusionsThe proposed 2.5D DL model based on DCE-MRI effectively predicts P53-mutated HCC. Integrating peritumoral features with clinical variables yields the best performance, offering a promising noninvasive tool for prognostic stratification and individualized therapeutic planning."
"pubmed","42710863","10.1093/biostatistics/kxag029","transfactor: transcription factor activity estimation via probabilistic gene expression deconvolution.","Van den Berge, Koen; Bickel, Peter; Dudoit, Sandrine","Biostatistics (Oxford, England)","2026-09-08","https://pubmed.ncbi.nlm.nih.gov/42710863/","Gene expression is a primary modality being studied to differentiate between biological cells. Contemporary single-cell studies simultaneously measure genome-wide transcription levels for thousands of individual cells in a single experiment. While the characterization of cell population differences has often occurred through differential gene expression analysis, tiny effect sizes become statistically significant when thousands of cells are available for each population, compromising biological interpretation. Moreover, these large studies have spurred the development of methods to infer gene regulatory networks (GRNs) directly from the data, and GRN databases are becoming more comprehensive. In this work, we propose a statistical model for gene expression measures and an inference method that leverage GRNs to deconvolve transcription factor (TF) activity from gene expression, by probabilistically assigning mRNA molecules to TFs. This shifts the paradigm from investigating gene expression differences to regulatory differences at the level of TF activity, aiding interpretation and allowing prioritization of a limited number of TFs responsible for significant contributions to the observed gene expression differences. The inferred TF activities result in intuitive prioritization of TFs in terms of the (difference in) estimated number of molecules they produce, in contrast to other widely used methods relying on arbitrary enrichment scores. Our model allows the incorporation of prior information on the regulatory potential between each TF and target gene and is able to deal with both repressing and activating interactions. We compare our approach to other TF activity estimation methods using two simulation experiments and two case studies. Single-cell RNA-sequencing; TF activity; bioinformatics; GRN."
"pubmed","42710050","10.1093/plcell/koag263","Regulatory Network Unveils the Molecular Architecture Governing Seed Vigor in Watermelon (Citrullus lanatus).","Wu, Xinyi; Cheng, Mengxue; Li, Xuyang; Zhang, Chunyu; Zhou, Yingying; Bai, Bing","The Plant cell","2026-09-08","https://pubmed.ncbi.nlm.nih.gov/42710050/","Seed vigor, a determinant of agricultural productivity, diminishes during ageing but can be restored through priming. We integrated multi-omics approaches to dissect molecular mechanisms governing watermelon seed vigor under controlled deterioration and priming. Controlled deterioration (CD) progressively impaired germination speed (t50) and uniformity (AUC) before reducing maximum germination (Gmax), whereas priming reversed these effects even under ageing conditions. Transcriptome analyses revealed that ageing upregulated oxidative-stress genes (e.g., cytochrome c oxidase) and suppressed translation machinery. Priming activated stress-response pathways and ribosomal proteins through DOF/ERF-mediated transcriptional reprogramming via cis-element recognition, and molecular docking and yeast one-hybrid assays confirmed this interaction. Two biomarkers, Cla97C04G070560 (cytochrome c oxidase) and Cla97C03G062270 (ribosomal protein), were identified as quantitative predictors of germination decline. Machine-learning-based proteomic models and a regulatory network, SeedWatermelonNet (SWN), were constructed. These analyses uncovered hub genes (e.g., OHCU_decarbox, HSPs, LIM, NADPH-dependent aldehyde reductase 1, RPL32) coordinating uric acid metabolism, stress responses, energy metabolism, and translation. Experimental validation confirmed the regulatory roles of these candidates, including physical interactions mediating seed-vigor transduction cascades and their predicted function as direct regulators of seed vigor via SWN. Maternal alleles dominated transcriptional regulation of stored mRNAs, with ageing reducing maternal-specific gene expression. Promoter SNPs in these genes implicated BPC and DOF transcription factors in maternal bias. These findings establish molecular thresholds for vigor loss, validate priming as a resilience strategy, and provide biomarkers for seed quality assessment. Integrating transcriptomic, proteomic, and allele-specific insights advances precision breeding and storage practices, offering targets to enhance seed resilience against climate-driven agricultural challenges."
"pubmed","42708413","10.1093/nar/gkag851","Loss of SUMOylation drives aberrant PRC1 clustering and 3D genome rewiring independent of H3K27me3.","Akilli, Nazli; Puel, Paul-Swann; Stefano, Marco Di; Muzzopappa, Fernando; Fritsch, Lauriane; Erdel, Fabian; Jost, Daniel; Cheutin, Thierry; Cavalli, Giacomo","Nucleic acids research","2026-09-08","https://pubmed.ncbi.nlm.nih.gov/42708413/","Polycomb repressive complex 1 (PRC1) forms nuclear condensates that organize target chromatin domains. SUMOylation modulates PRC1 clustering, but its impact on condensate properties and 3D genome architecture remains unclear. Here, we show that depletion of small ubiquitin-like modifier (SUMO) in Drosophila wing imaginal discs transforms PRC1 condensates into large structures with reduced molecular dynamics. Biophysical modeling suggests that the changes in PRC1 self-interactions are responsible for the formation of large PRC1 condensates when SUMO is depleted. Interestingly, this biophysical reorganization occurs without global loss of the H3K27me3 mark. Instead, Hi-C reveals widespread rewiring of topologically associating domain (TAD) interactions. PRC1-bound TADs lose specific long-range contacts with each other while gaining ectopic interactions with active chromatin. These topological shifts correlate with gene misregulation independently of changes in Polycomb histone modifications. Our results establish SUMOylation as a critical regulator of PRC1 condensates, demonstrating that post-translational control of biomolecular condensation modulates 3D genome architecture and transcriptional output through mechanisms separable from histone mark deposition."
"pubmed","42708302","10.2174/0113862073491675260817100248","Transcriptome Analysis and Experimental Validation of Palmitoylation- Related Biomarkers in Atherosclerosis.","Song, Zhijian; Ma, Yirong; Liu, Yanhong; Lai, Junyu; Sun, Liqiang; Li, Qiming; Fan, Yaguo; Huang, Yingying; Ding, Doukun; Wu, Jianguang","Combinatorial chemistry & high throughput screening","2026-09-08","https://pubmed.ncbi.nlm.nih.gov/42708302/","INTRODUCTION: Protein palmitoylation contributes to membrane localisation, signal transduction, and cell-fate regulation. It is closely associated with lipid metabolic dysfunction, immune inflammation, and vascular remodelling in atherosclerosis (AS). However, key palmitoylation-related transcriptomic markers and their potential causal associations with AS remain incompletely defined. METHODS: The Gene Expression Omnibus (GEO) dataset GSE100927 was used as the training cohort, and GSE43292 was used as an external validation cohort. Differentially expressed genes were identified using limma and intersected with palmitoylation-related genes to obtain palmitoylation-related differentially expressed genes (PRDEGs). Gene Ontology (GO) and Kyoto Encyclopedia of Genes and Genomes (KEGG) enrichment analyses were then performed using clusterProfiler. Two-sample Mendelian randomisation was used to evaluate potential causal relationships between characteristic genes and AS. Feature selection was conducted using random forest and support vector machine recursive feature elimination (SVM-RFE), and the overlapping genes selected by both methods were retained. Receiver operating characteristic (ROC) curves were used to assess diagnostic performance. A five-gene nomogram was constructed, and its clinical utility was evaluated using calibration curves and decision curve analysis (DCA). Gene set variation analysis (GSVA) was applied to compare pathway activity between high- and low-expression groups for each core gene. Single-cell analysis using Seurat and expression-based cell-cell communication analysis using CellChat were conducted with GSE159677, and upstream transcription factors were predicted using NetworkAnalyst. For in vivo validation, an AS model was established in ApoE(8)/(8) mice fed a high-fat diet, and aortic gene and protein expression were assessed by RT-qPCR and western blotting. RESULTS: In GSE100927, 51 PRDEGs were identified. GO and KEGG enrichment analyses highlighted pathways associated with regulation of monoatomic ion transport, sarcomere and myofibril organisation, and immune inflammation. Mendelian randomisation suggested a potential protective causal association between SLC7A7 and AS. By integrating MR with random forest and SVM-RFE feature selection, we prioritised five core genes: PLCB2, GMIP, NEXN, PLN, and SLC7A7. These genes showed good diagnostic performance in GSE43292. The resulting nomogram was well calibrated and demonstrated stable net benefit in decision curve and clinical impact curve analyses. Single-gene GSVA identified consistently activated pathways across multiple genes, including innate and adaptive immune recognition, calcium signalling and myocardial contraction/cardiomyopathy, extracellular matrix-receptor interaction, cell junction pathways, autophagy-lysosome pathways, and several metabolic programmes. At the single-cell level, PLCB2 and GMIP were predominantly expressed in T cells and macrophages, NEXN and PLN were enriched in vascular smooth muscle cells, and SLC7A7 was mainly expressed in macrophages. CellChat analysis indicated increased signals for immune-related ligand-receptor interactions. In ApoE(8)/(8) mice fed a high-fat diet, PLCB2, GMIP, and SLC7A7 were upregulated, whereas NEXN and PLN were downregulated; protein-level changes were concordant with the transcriptomic trends. DISCUSSION: These findings indicate that palmitoylation-related dysregulation in AS converges on immune inflammation, calcium signalling/contractile programmes, ECM remodelling, and autophagy-linked metabolism. The five-gene panel is supported by external validation, single-cell localisation to immune and vascular compartments, and concordant results in ApoE(8)/(8) mice. CONCLUSION: This study identified and validated five palmitoylation-related genes associated with AS. SLC7A7 showed a potential protective causal signal in MR analysis. The enriched pathway patterns linked these genes to immune inflammation, calcium signalling-contraction coupling, ECM remodelling, cell adhesion, and autophagy- associated metabolic reprogramming. The five-gene nomogram showed potential utility for diagnostic classification and decision support, nominating candidate biomarkers and pathway targets for AS molecular subtyping, diagnosis, and mechanistic investigation."
"pubmed","42707623","10.1002/fsn3.72326","Integrative Transcriptomic Analysis and Functional Validation Implicate GPT2 in Glycolytic Regulation in Polycystic Ovary Syndrome.","Xi, Meili; Luo, Rongkui; Zhang, Jiarong; Huang, Weihong; Ma, Li; Sun, Yunyan; Ren, Aimin","Food science & nutrition","2026-09-08","https://pubmed.ncbi.nlm.nih.gov/42707623/","Polycystic ovary syndrome (PCOS) is a heterogeneous endocrine-metabolic disorder characterized by profound disturbances in energy metabolism, yet the molecular mechanisms underlying glycolytic dysfunction remain incompletely understood. Given the essential role of glycolysis in ovarian function and endocrine homeostasis, this study aimed to systematically characterize glycolysis-associated molecular alterations in PCOS and identify key metabolic regulators involved in disease pathogenesis. Transcriptomic datasets GSE34526 and GSE6798 were integrated to identify glycolysis-related differentially expressed genes (GRDEGs). Functional enrichment, immune infiltration, and regulatory network analyzes were performed to characterize the biological features associated with glycolytic dysregulation. Machine learning algorithms, including support vector machine, random forest, logistic regression, and LASSO regression, were applied to prioritize key glycolysis-associated regulators for downstream biological characterization. The functional role of GPT2 was further examined in KGN granulosa cells under PCOS-like conditions. Twelve GRDEGs were consistently dysregulated in PCOS and were predominantly enriched in glycolytic metabolism, ATP generation, and transcriptional regulatory processes. Integrative machine learning analyzes prioritized four key glycolysis-related genes (AMPD3, C5AR1, MLXIPL, and PDLIM7) associated with glycolytic remodeling in PCOS. Immune infiltration analyzes further revealed coordinated metabolic and immune remodeling, while regulatory network analyzes highlighted extensive interactions between hub genes and miRNA-, transcription factor-, and RNA-binding protein-mediated regulatory networks. Functional experiments demonstrated that GPT2 knockdown impaired glycolytic activity, reduced ATP production and aromatase activity, disrupted steroid hormone homeostasis, and exacerbated metabolic dysfunction in granulosa cells, whereas pharmacological activation of glycolysis partially reversed these alterations. Our findings provide a comprehensive characterization of glycolytic dysregulation in PCOS and identify GPT2 as a potential metabolic regulator linking altered energy metabolism to ovarian dysfunction. These findings provide a molecular framework for future studies investigating metabolism- and nutrition-based intervention strategies in PCOS."
"pubmed","42707507","10.1093/bioadv/vbag235","Interpretable prediction of nucleic acid-binding proteins using a protein language model.","Kim, Hanjin; Lee, Sung-Gwon; Oh, Jooseong; Kim, Kee K; Kim, Eun-Mi; Park, Chungoo","Bioinformatics advances","2026-09-08","https://pubmed.ncbi.nlm.nih.gov/42707507/","MOTIVATION: Accurate identification of DNA-binding proteins (DBPs) and RNA-binding proteins (RBPs) is critical for elucidating transcriptional and post-transcriptional regulatory mechanisms. However, existing computational approaches often rely on inferred labels or domain-specific annotations, which limit the subsequent generalizability. RESULTS: This study aimed to introduce transformer-based classifiers for human DBPs and RBPs that rely solely on protein sequence information without engineered features or domain constraints. The models were implemented using ESM-2 with low-rank adaptation (LoRA) fine-tuning and trained on experimentally validated datasets, including chromatin immunoprecipitation sequencing (ChIP-seq) annotations for DBPs and eCLIP annotations for RBPs. Next, to evaluate biological relevance, we computed value-aware attention (VAT) scores aggregated across transformer layers to interpret model focus. In 20-fold cross-validation, the DBP model achieved an area under the receiver operating characteristic curve (AUROC) of 0.84 with a Matthews correlation coefficient (MCC) of 0.40, while the RBP model achieved an AUROC of 0.92 with an MCC of 0.46. Proteins predicted as nucleic acid-binding were enriched for known binding domains, and inspection of attention distributions revealed preferential focus on annotated functional regions rather than non-binding segments. These results demonstrate that attention-based protein language models can accurately identify nucleic acid-binding proteins directly from sequence data. Moreover, these models reveal biologically meaningful sequence determinants of binding, establishing an interpretable and scalable framework for proteome-wide characterization of protein-nucleic acid interactions. AVAILABILITY AND IMPLEMENTATION: Code is available on GitHub (https://github.com/CSB-hub/DRBP)."
"pubmed","42706337","10.1038/s41598-026-63671-0","Integrated network pharmacology, molecular docking, and experimental validation to reveal the potential mechanism of Ginsenoside Rg1 on chronic obstructive pulmonary disease.","Li, Xinpeng; Xiang, Dandan; Hu, Lingling; Lin, Lingdan; Wang, Guoqiang; Xu, Jing","Scientific reports","2026-09-08","https://pubmed.ncbi.nlm.nih.gov/42706337/","Ginsenoside Rg1 (GS Rg1), a natural flavonoid exhibiting anti-inflammatory and antioxidant properties, holds significant potential for treatment chronic obstructive pulmonary disease (COPD). Nevertheless, the precise mechanisms underlying its therapeutic effects remain to be fully elucidated. This study aimed to explore the role and potential mechanism of GS Rg1 in the treatment of COPD using network pharmacology, molecular docking, and experimental validation.Targets related to GS Rg1 and COPD were screened from public databases, and the potential common targets were then imported into the STRING database to construct a protein-protein interaction (PPI) network. Gene ontology (GO) and Kyoto encyclopedia of genes and genomes (KEGG) enrichment analysis were performed to identify key signaling pathways. Molecular docking was employed to predict the binding interactions between GS Rg1 and core targets. A BEAS-2B cell model induced by lipopolysaccharide(LPS) and cigarette smoke extract(CSE) was used to explore the protective mechanisms of GS Rg1. Western blot analysis was conducted to validate the critical targets and pathways involved in the anti-COPD effects of GS Rg1. Network pharmacology analysis revealed 105 common targets between GS Rg1 and COPD. The EGFR/PI3K/AKT and EGFR/STAT3 signaling pathways were selected for further validation. GS Rg1 was demonstrated to effectively inhibit inflammation and mucus hypersecretion in vitro models of COPD. Western blot results showed that GS Rg1 treatment significantly downregulated the expression of proteins involved in the EGFR/PI3K/AKT and EGFR/STAT3 signaling pathway, consistent with the network pharmacology findings. CSE/LPS exposure induces inflammation and oxidative stress in COPD by disrupting the EGFR/PI3K/AKT and EGFR/STAT3 signaling pathways, and GS Rg1 significantly alleviates these effects, which may be partially through regulating the EGFR/PI3K/AKT and EGFR/STAT3 signaling pathway."
"pubmed","42705710","10.1016/j.foodres.2026.120190","An antioxidant and hepatoprotective peptide derived from peony seed meal: Dual mechanisms through activation of the Keap1/Nrf2/HO-1 pathway and inhibition of mitochondrial apoptosis.","Wang, Bing; Fei, Bo; Yan, Xueshan; Xiao, Zhenxiang; Dong, Yingying; Jiang, Ting; Shao, Shuai; Yan, Mingming","Food research international (Ottawa, Ont.)","2026-09-07","https://pubmed.ncbi.nlm.nih.gov/42705710/","Peony seed meal (PSM), a byproduct of peony seed oil processing, is rich in protein but is currently used primarily as animal feed in the livestock industry, leaving its protein resources largely underutilized. Herein, PSM was used as the raw material, and a combination of ultrasound-assisted enzymatic hydrolysis and ultrafiltration was employed to prepare a naturally active peptide fraction (PSMPH) from PSM protein (PSMP). Compared with PSMP, PSMPH demonstrated superior structural characteristics and antioxidant activity. Using liquid chromatography-tandem mass spectrometry, bioactivity prediction, and molecular docking analyses, the peptide AT-8 (APGGYGGT) was identified as a potential antioxidant candidate from PSMPH and subsequently synthesized using solid-phase synthesis. Safety evaluation further confirmed that AT-8 produced no cytotoxic side effects in five normal somatic cell lines. In H(2)O(2)-induced oxidative damage in LO2 hepatocytes, AT-8 significantly reduced alanine aminotransferase, aspartate aminotransferase, and malondialdehyde levels while upregulating the activities of superoxide dismutase, catalase, and glutathione peroxidase compared with PSMPH. Pathway-specific validation further demonstrated that AT-8 exerts hepatoprotective effects through a cascade mechanism involving Nrf2-HO-1 activation, enhanced antioxidant defense, and indirect inhibition of Bax/caspase-3. This study identified AT-8 as an antioxidant hepatoprotective peptide derived from PSM and systematically elucidated its molecular mechanism of action, thereby providing a scientific basis for the high-value utilization of PSM."
"pubmed","42703773","10.1155/mi/3190064","Identification of Integrated Stress Response-Related Biomarkers in Sepsis-Induced Acute Respiratory Distress Syndrome.","Gao, Ye; Wang, Ni; Xiao, Zhaoyang","Mediators of inflammation","2026-09-07","https://pubmed.ncbi.nlm.nih.gov/42703773/","BACKGROUND: Sepsis-induced acute respiratory distress syndrome (ARDS) is a fatal inflammatory lung injury. The integrated stress response (ISR) may play stage-dependent roles in lung injury, but its clinical relevance in sepsis-induced ARDS remains unclear. We aimed to identify ISR-related biomarkers and explore their potential mechanisms. METHODS: Public transcriptomic datasets of sepsis-induced ARDS were analyzed. Peripheral blood mononuclear cell (PBMC) single-cell RNA sequencing (scRNA-seq) was used to define key immune cell populations and intercellular communication. Differential expression analyses combined with machine learning were applied to screen ISR-associated biomarkers, and a nomogram was developed as an exploratory tool for ARDS risk stratification. Biomarker expression was validated in a cecal ligation and puncture (CLP)-based rat model representing early sepsis and ARDS-like lung injury. Lung injury was assessed by light and electron microscopy, histological scoring, lung wet/dry weight ratio, and BALF total protein measurement. Gene expression was quantified by qPCR and protein levels by Western blotting. Functional enrichment, immune infiltration, and trajectory analyses were performed to investigate underlying pathways and immune dynamics. The biomarkers were further validated in an independent external dataset. RESULTS: Nuclear factor erythroid 2-like 2 (NFE2L2) and ZFP36L1 were identified as potential ISR-associated biomarkers in sepsis-induced ARDS, and the two-gene nomogram showed good predictive performance. In vivo, peripheral blood Tnf and Il6 mRNA expression increased after CLP, while rats with ARDS-like lung injury exhibited marked lung injury and reduced tight junction markers. Nfe2l2 and Zfp36l1 mRNA levels were elevated in early sepsis but decreased in established ARDS-like lung injury, while their protein levels were generally reduced in established ARDS-like lung injury compared with early sepsis. Canonical ISR activation markers, including the p-eukaryotic translation initiation factor 2alpha (eIF2alpha)/total eIF2alpha ratio and Atf4, Ddit3/Chop, and Ppp1r15 a/Gadd34 expression, progressively increased from early sepsis to ARDS-like lung injury. Enrichment analyses implicated multiple ISR-related pathways. Immune infiltration analysis revealed altered immune cell composition, with NFE2L2 negatively correlated with activated B cell infiltration. Single-cell trajectory analysis demonstrated dynamic expression of these biomarkers during differentiation of key immune cell subsets. CONCLUSION: NFE2L2 and ZFP36L1 are potential ISR-associated biomarkers in sepsis-induced ARDS and may contribute to disease progression through stress-response regulation and immune modulation, supporting biomarker-driven risk stratification and providing a foundation for future mechanistic and interventional studies."
"pubmed","42703251","10.1007/s40203-026-00679-4","Structure-based design of peptide ligands targeting transcription in Helicobacter pylori.","Gracia, Judith; Nagarajan, Balaji; Manikam, Vyshnavi; Ragunathan, Preethi","In silico pharmacology","2026-09-07","https://pubmed.ncbi.nlm.nih.gov/42703251/","Helicobacter pylori colonize the gastric epithelial cells and poses a strong risk factor for gastric complications like chronic gastritis, ulcer diseases, and gastric cancer. Despite the complex treatment regimens, antibiotic resistance is the primary cause of eradication failure and calls for alternate treatment strategy. This study aims to design peptide ligands that specifically target protein-protein interactions in the transcription machinery of H. pylori. The dissociable sigma-factor known as SigA, which binds with the RNA polymerase (RNAP) core beta-prime subunit (RpoC). This interacting region has been targeted to design specific peptide ligands using structure-based computational methods. The lack of experimental structures necessitated generating structural models for Hp RpoC, Hp SigA and Hp RpoC-SigA complex structure. The complex was built based on hybrid template-based modeling (TBM) techniques. The RpoC-SigA interface has been exploited to design five suitable peptides-three peptides from H. pylori SigA (P1, P2, and P3) and two peptides from the SigA-interacting regions of H. pylori RpoC (P4 and P5). Investigation of the binding affinity of all five peptides suggests that P1, P3, and P5 exhibit significant affinity, indicating a potential hindrance to RNAP interaction with transcription factors prior to holoenzyme formation. These peptides may serve as promising inhibitors against H. pylori infection. SUPPLEMENTARY INFORMATION: The online version contains supplementary material available at https://doi.org/10.1007/s40203-026-00679-4."
"pubmed","42702944","10.1002/biof.70149","Immune-Like Malignant Epithelial Programs Shape Tumor-Immune Interactions and Inform Prognostic Stratification in Lung Adenocarcinoma.","Zhang, Wei; Sheng, Hongmei; Zhang, Yazheng; Yu, Qihong; Peng, Haiying","BioFactors (Oxford, England)","2026-09-07","https://pubmed.ncbi.nlm.nih.gov/42702944/","Lung adenocarcinoma (LUAD) is characterized by marked cellular heterogeneity, yet how malignant epithelial states contribute to immune regulation and clinical outcomes remains incompletely defined. We integrated single-cell RNA-sequencing data to map the cellular landscape of LUAD and identify malignant epithelial cells based on inferred copy-number alterations. Epithelial states were further examined through trajectory inference, transcription factor analysis, and cell-cell communication profiling. Single-cell-derived genes were subsequently integrated with TCGA and independent GEO cohorts to construct and validate a machine learning-based prognostic signature. Malignant epithelial cells displayed distinct functional programs, including an immune-like state associated with genomic instability, immune-related transcriptional activity, tumor-immune communication, and patient outcomes. The resulting immune-like malignant epithelial cell signature (IMEC-Sig) consistently stratified survival across multiple cohorts. Low IMEC-Sig scores were accompanied by greater immune infiltration, higher immune checkpoint expression, and increased immunophenoscore, whereas high scores were linked to a comparatively immunosuppressive phenotype. Pan-cancer analyses further identified KRT8 as a gene associated with unfavorable prognosis, and functional experiments showed that KRT8 silencing suppressed proliferation, migration, invasion, and colony formation in LUAD cells. Together, these findings connect malignant epithelial heterogeneity with the immune context and clinical outcomes, support IMEC-Sig as a biologically informed prognostic tool, and nominate KRT8 as a potential therapeutic target in LUAD."
"pubmed","42701775","10.2147/COPD.S615813","Bioinformatics Screening and Preliminary Experimental Verification of Integrated Stress Response-Associated MYC and BAG3 in Chronic Obstructive Pulmonary Disease.","Liu, Xueping; Wang, Lu; Tang, Ting; Qian, Hang; He, Binfeng; Xu, Zhi; Wang, Guansong; Zhang, Mingzhou","International journal of chronic obstructive pulmonary disease","2026-09-06","https://pubmed.ncbi.nlm.nih.gov/42701775/","BACKGROUND: Chronic obstructive pulmonary disease (COPD) has high morbidity and mortality, and integrated stress response (ISR) participates in its progression. Traditional COPD diagnosis relies mainly on GOLD criteria, while ISR-based auxiliary molecular markers are still lacking. This study aimed to comprehensively analyze and identify ISR-related biomarkers in COPD, and to uncover their underlying molecular mechanisms. METHODS: COPD data were obtained from the GEO database. Biomarkers were identified and validated through a comprehensive approach, including differential expression analysis, machine learning algorithms, expression level verification, and receiver operating characteristic (ROC) curve analysis. Moreover, a nomogram was applied to construct an ISR-related predictive model for COPD. Enrichment analysis, immune infiltration analysis, molecular regulatory network, and drug prediction were performed to further confirm the regulatory roles of biomarkers. Furthermore, the expression patterns of biomarkers in core cells were investigated using dataset GSE173896. Furthermore, Western blotting was employed to detect the protein expression levels of biomarkers in clinical samples. RESULTS: Overall, 2 biomarkers (MYC and BAG3) were identified as significantly associated with ISR in COPD. A predictive nomogram constructed based on MYC and BAG3 demonstrated excellent diagnostic performance, with an area under the curve (AUC) value of 0.799. The biomarkers were significantly enriched in the MAPK signaling pathway and cell cycle. Notably, biomarkers were positively correlated with effector memory CD4 T cells and eosinophils. Subsequently, 36 microRNAs (miRNAs) (like hsa-miR-4699-3p), 260 transcription factors (TFs) (like SNAI2, ZBTB43, and ZNF395) and 9 drugs (like staurosporine and N-acetyl-L-cysteine) were associated with the biomarkers. Moreover, significant changes in MYC and BAG3 expression were observed during T cell differentiation. Clinically, MYC and BAG3 were significantly upregulated in COPD tissues, with protein levels increased by 58.4% and 252.2% respectively. CONCLUSION: This study identified and preliminarily verified ISR-associated MYC and BAG3, offering novel molecular references to complement conventional COPD clinical assessment."
"pubmed","42700890","10.1016/j.plantsci.2026.113406","BpCYCD3;1 regulates organ growth by activating the cell cycle module in white birch.","Yue, Linan; Wang, Xinyu; Zheng, Zhimin","Plant science : an international journal of experimental plant biology","2026-09-06","https://pubmed.ncbi.nlm.nih.gov/42700890/","Cyclin D proteins are key regulators of cell cycle progression and plant growth. Here, we identified BpCYCD3;1, a CYCD3 family member in birch, and investigated its function. Phylogenetic and sequence analyses showed that BpCYCD3;1 is evolutionarily conserved and contains canonical cell cycle-related domains. Promoter and expression analyses suggested responsiveness to environmental and hormonal signals, with preferential expression in leaves. BpCYCD3;1 overexpression promoted leaf expansion and biomass accumulation, whereas CRISPR/Cas9 knockout reduced vegetative growth. Cytological analyses revealed increased cell density and epidermal cell number in overexpression lines, indicating enhanced cell proliferation. At the molecular level, BpCYCD3;1 upregulated G1/S transition regulators and DNA replication-related genes. Yeast two-hybrid and docking analyses suggested interaction between BpCYCD3;1 and CDKA;1, as well as the interaction between RBR and E2F transcription factors, and binding of E2FA/E2FB to downstream promoters. Together, these results indicate that BpCYCD3;1 promotes vegetative growth by activating the CDKA-RBR-E2F regulatory module, providing a potential target for improving tree growth and biomass production."
"pubmed","42700290","10.1007/s11033-026-12687-w","Binding analysis of the response regulator NarL protein to the promoter of the O(6)-methylguanine-DNA methyltransferase (ogt) gene in Salmonella Typhimurium.","Sahoo, Pravas Ranjan; Kumar, Ajay; Pashupathi, M; Sahoo, Jyochhna Rani","Molecular biology reports","2026-09-06","https://pubmed.ncbi.nlm.nih.gov/42700290/","BACKGROUND: Salmonella Typhimurium (STM) is a gram-negative bacterium that causes severe gastrointestinal disorders in both animals and humans. The regulation of DNA repair genes is critical for maintaining genomic stability of the bacteria. O(6)-methylguanine DNA methyltransferase (Ogt), plays a vital role in repairing alkylated DNA in STM; however, the transcriptional regulation of ogt gene remains poorly characterized. Furthermore, NarL is a transcriptional regulator, involved in the pathogenesis of STM under anaerobic condition. Therefore, this study investigated the interaction between NarL protein and the promoter region of the ogt gene. METHODS: In this study, narl gene was cloned in pET32a vector and NarL protein was expressed in Escherichia coli BL21 (DE3). Subsequently, the ogt gene promoter (pogt) was selected, amplified, cloned and its activity was evaluated. Electrophoretic mobility shift assay (EMSA), isothermal titration calorimetry (ITC), molecular docking were employed to elucidate the interaction between NarL protein and ogt promoter. Furthermore, the regulatory role of NarL in ogt gene expression was validated in vivo using RT-qPCR and beta-galactosidase assay. RESULTS: This study resulted that NarL protein interacts specifically with the ogt promoter, as confirmed by EMSA and ITC, with DeltaG of - 9.42 kcal mol(-)(1). Furthermore, RT-qPCR and beta-galactosidase assays demonstrated that deletion of narl significantly (P </= 0.01) decreased ogt transcript levels and promoter activity than wild Salmonella Typhimurium, whereas exogenous supplementation of recombinant NarL protein restored the expression. These findings suggest that NarL plays a potential regulatory role in ogt gene expression in response to environmental signals. CONCLUSION: These findings highlight an interaction between NarL protein and the promoter region of ogt gene in Salmonella Typhimurium, linking nitrogen metabolism with the DNA repair pathway in STM, which may contribute to the bacterial survival under nitrosative stress."
"pubmed","42699651","10.1177/2997979x261472562","Single cell transcriptomic analysis by deep learning identifies novel microglial transcription regulations in Alzheimer's Disease.","Trivedi, Maitry Ronakbhai; Shah, Jay; Su, Yi; Reiman, Eric M; Wu, Teresa; Wang, Qi","AI in neuroscience","2026-09-06","https://pubmed.ncbi.nlm.nih.gov/42699651/","Artificial Intelligence (AI) has been increasingly applied to investigate genetic irregularities associated with Alzheimer's Disease (AD). However, its potential to uncover deeper, more detailed molecular and cellular mechanisms remains underexplored, primarily due to limitations in integrating large-scale data and capturing the complex, cell-type-specific dynamics involved in AD pathology. Single-cell RNA sequencing (scRNA-seq) has emerged as a powerful tool in transcriptomics, offering high-resolution, cell-specific insights into complex biological systems. Despite this advancement, a significant gap remains in identifying both common and cell-type-specific transcriptomic signatures that define AD-related cellular and molecular processes. To address this, we propose a deep learning framework leveraging a Multi-Layer Perceptron (MLP) to classify AD versus control nuclei using scRNA-seq data from the Religious Orders Study/Memory and Aging Project (ROSMAP). We focus on microglial subclusters, particularly those representing homeostatic and activated states, to train the MLP model for optimal classification performance. We utilize the predicted embeddings from the MLP to model a disease progression trajectory for each of the datasets. Our model demonstrates strong performance in both classification and disease trajectory inference. To enhance interpretability, SHapley Additive exPlanations (SHAP) are applied to identify key AD-associated genes. Based on the most salient genes implicated in AD, we built transcription gene regulatory networks, revealing novel transcription factors and regulons for AD pathogenesis. These regulons highlight profound impacts of dysregulations of proteostasis, endoplasmic reticulum (ER) stress responses, and circadian rhythm on synaptic plasticity and neuronal survival in AD, offering a more holistic approach to drug target discovery compared to conventional single-target strategies, potentially leading to greater efficacy in slowing or reversing disease progression. This work demonstrates the transformative potential of AI in elucidating the molecular mechanisms of AD, offering improvements over traditional methods and uncovering novel insights into disease pathogenesis and potential therapeutic targets."
"biorxiv","10.64898/2026.09.06.747930","10.64898/2026.09.06.747930","Identifying human-specific transcription factor binding site gains and losses that contribute to human-specific phenotypes","John Anthony Capra; Manuel Ferrando-Bernal","bioRxiv","2026-09-12","https://www.biorxiv.org/content/10.64898/2026.09.06.747930","Identifying the genetic changes responsible for human-specific traits remains a central challenge in evolutionary genomics. Although thousands of modern human-specific variants have been identified through comparisons with Neanderthal, Denisovan, and great ape genomes, the phenotypic consequences of most of these changes remain unknown, particularly for non-coding variants. Here, we predicted transcription factor binding site (TFBS) gains and losses for 16,883 human-specific high frequency variants. We integrated these predictions with experimentally annotated cis-regulatory elements (cCREs), target genes, and phenotype annotations to identify regulatory changes associated with human-specific traits. We identified 3,357 human-specific variants within cCREs that modify TFBS motifs and prioritized variants for which both the target gene and the affected transcription factor are independently associated with the same phenotype. This identified 128 candidate human-specific regulatory variants involving 155 genes and 58 skeletal traits known to differ between modern humans and archaic hominins. Beyond skeletal morphology, enrichment analyses suggested regulatory changes also affect soft tissues that are not represented in the fossil record, including the brain, vocal cords, testes, and other reproductive organs. Independent support for the functional relevance of these candidates comes from their significant enrichment in modern human-derived differentially methylated regions and among variants experimentally shown to alter gene expression in massively parallel reporter assays. Furthermore, candidate variants preferentially occur within unusually large regions depleted of archaic introgression, consistent with the hypothesis that some regulatory changes contributed to reduced fitness following admixture with Neanderthals and Denisovans. Together, our results provide a prioritized catalogue of human-specific regulatory variants and reveal candidate molecular mechanisms underlying traits that distinguish modern humans from archaic hominins."
"biorxiv","10.64898/2026.09.10.750674","10.64898/2026.09.10.750674","Predicting Capsid Protein Binding Sites in Single-Stranded RNA Viruses Using Machine Learning from Local Geometric Features","Yunong Melody Wu; Junjie Zhang","bioRxiv","2026-09-11","https://www.biorxiv.org/content/10.64898/2026.09.10.750674","Selective recognition of viral RNA by capsid proteins is essential for genome packaging during the assembly of single-stranded RNA (ssRNA) viruses. However, identification of capsid protein binding sites in the RNA genome remains challenging because current experimental techniques are labor-intensive and low-throughput, motivating the development of computational approaches. Here, we present a sequence-based framework that integrates RNA tertiary structural modeling, local geometric feature extraction, and machine learning to predict capsid protein binding sites. Using the Qbeta; bacteriophage as a proof-of-concept system, we constructed a benchmark dataset of experimentally identified binding and non-binding RNA fragments. We designed a set of geometric descriptors to characterize the local structural features of the RNA backbone. When repeatedly trained and tested with these geometric descriptors on different subsets of the benchmark dataset, the neural network showed a strong ability to distinguish capsid protein binding sites from non-binding RNA fragments, achieving an area under the receiver operating characteristic curve (AUC) of 0.88 in a 5-fold cross-validation. To evaluate whether the model can predict RNA binding sites without experimental structures, we applied it to local geometric features derived from AlphaFold-predicted RNA structures. Despite substantial structural differences between predicted and experimentally determined models, the classifier retained considerable predictive performance (AUC = 0.75), indicating that approximate RNA tertiary structures may still preserve biologically meaningful information for capsid binding site prediction. Furthermore, the failed predictions suggest that viral genome packaging is not only governed by intrinsic RNA structural features, but also by additional dynamic factors beyond static RNA conformations. In summary, our findings provide new mechanistic insights into RNA-capsid interactions and establish a foundation for extending this approach to diverse ssRNA viruses."
"biorxiv","10.64898/2026.09.07.749737","10.64898/2026.09.07.749737","A Unified Structure-based Deep Learning Framework for High-Throughput Screening of Protein-Binding RNAs","Yihao Zhao; Jing Han; Jike Wang; Jianfeng Chu; Yu Kang; Tingjun Hou","bioRxiv","2026-09-08","https://www.biorxiv.org/content/10.64898/2026.09.07.749737","Protein-RNA interactions regulate diverse biological processes and are increasingly exploited in therapeutic RNA discovery, but accurate inferences of nucleotide preferences and reliable structure prediction remain challenging. Here, we present PRIS, a unified structure-based deep-learning framework that combines two complementary components: PRISeq for nucleotide probability estimation at each RNA position and PRIScore for residue-nucleotide distance prediction to discriminate native-like from incorrect poses. Both share a feature extractor that integrates an Anti-Symmetric Graph Attention Network (A-GAT) with sparse k-Maximum Inner Product (k-MPI) attention to capture long-range interactions across large graphs. PRIScore improves the selection of native-like protein-RNA predictions generated by AlphaFold3, achieving a top-1 success rate of 81.91% on a docking benchmark, compared to 79.26% for AlphaFold3. The selected structures are then fed into PRISeq, which infers position-specific binding preferences and screens RNA libraries. On a PWM benchmark, PRISeq achieved a mean absolute error (MAE) of 0.75, outperforming FoldX, Rosetta-based scoring functions, and NA-MPNN. In virtual screening against MS2 protein, PRISeq screens 129,248 RNA hairpins within 11.95 seconds, achieving the highest EF 0.5% of 14.40, approximately double the best baseline. PRIS also effectively enriches active aptamers against NELF-E and GFP while preserving sequence diversity. By integrating structure selection with binding-preference inference, PRIS provides an efficient framework for large-scale RNA library screening and aptamer design."
"biorxiv","10.64898/2026.09.11.749989","10.64898/2026.09.11.749989","Environment-Aware DNA Language Model for Stress-Responsive Genomic Prioritization in Maize","Debasmita Pal; Aaron Odell; Anuradha Singh; Addie M. Thompson; Arun Ross; Anne Thessen","bioRxiv","2026-09-12","https://www.biorxiv.org/content/10.64898/2026.09.11.749989","Abiotic stresses such as heat and drought severely reduce maize productivity, yet identifying genomic regions that confer stress resilience remains a challenge. Inspired by advances in Large Language Models (LLMs), Genomic Foundation Models (GFMs) have recently emerged as a promising approach for capturing regulatory patterns through large-scale pre-training on DNA sequences. However, their application to plant stress-response analysis remains unexplored. This study presents an environment-aware DNA-LLM that adapts AgroNT, a transformer-based GFM pre-trained on diverse plant genomes, by incorporating stress-specific prompt tokens. Through parameter-efficient fine-tuning, the model learns stress-conditioned sequence representations that form distinct clusters in the embedding space across environmental contexts. By combining stress-induced shifts in these sequence representations relative to control conditions with transformer attention patterns, we prioritized putative heat- and drought-responsive genomic regions associated with grain yield in the Genomes-to-Fields (G2F) panel. Prioritized regions were supported by spatiotemporal differential gene-expression evidence and overlap with stress-associated quantitative trait loci. They were further characterized through transcription-factor family analysis and regulatory motif enrichment. Attention-guided analysis additionally identified stress-associated motifs enriched within model-emphasized sequence regions. Overall, the prioritized loci were proximal to genes involved in transcriptional regulation, signaling, and metabolic pathways relevant to abiotic-stress adaptation, demonstrating the potential of stress-conditioned transformer-based sequence modeling for environment-aware genome-to-phenome analysis."
"biorxiv","10.64898/2026.09.11.750838","10.64898/2026.09.11.750838","StIA is a Novel Nucleoid-Associated Protein of Streptococcus pneumoniae that Activates DNA Topoisomerase I","Antonio A de Vasconcelos Junior; Pablo Herrera; Adela G de la Campa; Monica Amblar","bioRxiv","2026-09-11","https://www.biorxiv.org/content/10.64898/2026.09.11.750838","Topoisomerases are essential enzymes that maintain DNA topology. The activity of some of these enzymes is regulated by protein cofactors. Here, we identify a previously uncharacterized nucleoid-associated protein from the human pathogen Streptococcus pneumoniae that binds double-stranded DNA (dsDNA) in a sequence-independent manner both in vitro and in vivo and activates topoisomerase I (Topo I). This protein was named StIA (Streptococcal Topoisomerase I Activator). In vivo analyses showed that deletion of stIA impairs bacterial growth in the presence of the Topo I inhibitor seconeolitsine, whereas its overproduction decreases susceptibility to this compound. Consistent with these observations, StIA specifically stimulates Topo I activity without affecting DNA gyrase. StIA forms oligomers and assembles into higher-order nucleoprotein complexes upon DNA-binding. Mechanistic analyses revealed that StIA does not alter DNA cleavage by Topo I but specifically enhances the DNA religation step of its catalytic cycle. This activation is likely mediated through a direct protein-protein interaction, as StIA and Topo I physically associate in vitro. Structural modeling further supports the formation of a StIA-Topo I complex and identifies putative contact residues involved in the interaction. Collectively, these findings establish StIA as a novel nucleoid-associated with a dual function: promoting nucleoprotein complex assembly and stimulating Topo I activity through direct interaction with the enzyme. More broadly, our results suggest that the regulation of topoisomerase activity by accessory proteins may represent an important mechanism for fine-tuning DNA topological homeostasis and could provide new opportunities for the development of antibacterial therapies."
"biorxiv","10.64898/2026.09.03.749171","10.64898/2026.09.03.749171","Structural basis for P-TEFb association with BRD4","Mohamed AA; Vos SM","bioRxiv","2026-09-07","https://www.biorxiv.org/content/10.64898/2026.09.03.749171","<h4>ABSTRACT</h4> Cyclin-dependent kinases (CDK) dynamically regulate RNA Polymerase (Pol) II during each stage of transcription. Phosphorylation of RNA Pol II and associated transcription factors by CDKs enables stage-specific exchange of factors. CDK9 and a cyclin partner (CYCT1, T2 or K) comprise the Positive Transcription Elongation Factor-b (P-TEFb) complex, which is responsible for releasing RNA Pol II from promoter proximal pausing into processive elongation. P-TEFb activity is stimulated by bromodomain-containing Protein 4 (BRD4); however, the structural basis for BRD4 association with P-TEFb has remained unclear. Using cryogenic-electron microscopy, AlphaFold modeling, and biochemical probing, we show that the P-TEFb interacting domain of BRD4 (BRD4-PID) interacts with P-TEFb via the C-lobe of CDK9 and the second cyclin domain of CYCT1. The BRD4 binding surface on CDK9 is also used by super elongation complex component AFF4. Our analysis indicates that BRD4 may stimulate P-TEFb activity by remodeling the kinase αC helix relative to previous structures. Finally, P-TEFb activity is restricted when bound to the 7SK RNP complex. We show that in addition to BRD4-PID, the AFF4 N-terminus can release P-TEFb from the 7SK RNP complex. Together, these findings define how P-TEFb activity is regulated by its incorporation into distinct complexes. <h4>SIGNIFICANCE STATEMENT</h4> The exquisite control of gene expression is required for proper development and cellular response to environmental stress. Positive transcription elongation factor b (P-TEFb) is required for the phosphorylation of RNA Pol II and leads to the coordinated release of RNA Pol II from pause sites near the promoter. P-TEFb is bound to bromo-domain containing protein 4 (BRD4), which stimulates P-TEFb activity; however, it is unknown how BRD4 associates with P-TEFb. Here we report a cryo-EM structure of P-TEFb bound to BRD4, revealing how BRD4 interacts with P-TEFb. Comparison of our structure with previously reported P-TEFb structures shows how P-TEFb is regulated by different transcription factor binding partners."
"chemrxiv","10.26434/chemrxiv.15008530/v1","10.26434/chemrxiv.15008530/v1","Plasma Protein Binding Prediction under Scaffold Split: Tree Models, ChemBERTa, Graph Networks, and Late Fusion","Pradyumna Kumar Pradhan","ChemRxiv","2026-09-09","https://doi.org/10.26434/chemrxiv.15008530/v1","From idea generation to testing, drug discovery is a lengthy and expensive process. Rather than chasing all of their molecule ideas, scientists prioritize certain molecules that are more likely to be successful, from synthesis to safety to therapeutic use. Machine learning and AI enable researchers to narrow their candidate choices by predicting important properties such as ADMET (Absorption, Distribution, Metabolism, Excretion, and Toxicity). This study uses the Plasma Protein Binding (PPB) dataset from DeepChem’s MoleculeNet, with several graph neural networks (GNNs), ChemBERTa (a language model for SMILES strings of molecules), and fusions of these models. The performance of these neural models is compared against two standard tree-based models: Random Forest (RF) and XGBoost. Instead of random splitting of the dataset, this study evaluates the models based on scaffold splitting that separates molecules by the Bemis–Murcko scaffold and puts the entire group into only the training, validation, or test set. This study demonstrates that for the PPB dataset, GNNs and ChemBERTa models perform better than the tree models. On a mean basis, the fusion models perform better than the individual GNNs or ChemBERTa-only models. Random splitting on the RF model exhibits a better R2 score than on a scaffold-split dataset. Because under scaffold splitting the model predicts on unseen cores, the task becomes more difficult than under regular random splitting."
"chemrxiv","10.26434/chemrxiv.15008482/v1","10.26434/chemrxiv.15008482/v1","Explainable ML force-field for evaluating protein–ligand binding energy using SO3LR","Hamza Agha; Sergio Suárez-Dou; Adil Kabylda; Alexandre Tkatchenko; Andrea Volkamer","ChemRxiv","2026-09-08","https://doi.org/10.26434/chemrxiv.15008482/v1","Accurate estimation of protein–ligand binding affinities remains central to structure-based drug design. Classical force fields neglect important quantum-mechanical effects, while quantum mechanical and semi-empirical methods remain impractical for large biomolecular systems. Machine-learned force fields (MLFFs) offer an alternative, but their performance may be inflated by training on protein–ligand complexes. Here, we introduce SO3LR-SF, a physics-based scoring function built on the pretrained SO3LR MLFF, combining an equivariant message-passing network for semi-local interactions with physically motivated terms for short-range repulsion, electrostatics, and long-range dispersion. Built on an MLFF that was not trained on protein–ligand complexes, SO3LR-SF provides a stringent test of transferability. On PLA15 (15 active-site models), SO3LR-SF attains a relative interaction error of 5.8% against DLPNO-CCSD(T) references, the lowest of all tested methods. On the FEP benchmark (8 targets, 264 ligands), SO3LR-SF achieves an average Spearman correlation of 0.51, on par with the best semi-empirical quantum-mechanical method tested (0.47, GFN-FF) and with MMGBSA (0.44), and surpassing Glide (0.27). On the Wang dataset (8 targets, 199 ligands), it reaches 0.51, approaching the 0.60 average of molecular dynamics-based free-energy methods at a fraction of their cost. Each complex is scored in 1–10 seconds on 12 CPU cores, an 80- to 300-fold speedup over comparable MLFFs. An 8 Å trimming protocol reduces runtime threefold without loss of accuracy, and a restrained geometry optimization recovers ranking accuracy for targets with strained input structures. A multi-level explainability framework adds energy decomposition, per-atom energy contributions reported either for ligand or as 2D protein–ligand interaction maps, and 3D binding site visualization. We identified two pocket descriptors that flag applicability before scoring, e.g. polar solvent accessible surface area (SASA) ratio correlating strongly (r = 0.81) with performance. Together, SO3LR-SF presents a fast, interpretable, and competitive scoring function for drug discovery that requires no domain-specific training data."
