"source","id","doi","title","authors","journal","published_date","url","abstract"
"pubmed","42796831","10.3390/plants15182799","Single-Cell Insights into Medicinal Plant Development and Metabolism.","Jiang, Baoping; Le, Liang","Plants (Basel, Switzerland)","2026-09-26","https://pubmed.ncbi.nlm.nih.gov/42796831/","Medicinal plants are major sources of therapeutic natural products, yet the cell-type-specific organization that governs metabolite biosynthesis, transport, and storage remains imperfectly resolved by organ-level omics. This review synthesizes studies published up to June 2026 that used single-cell, single-nucleus, spatial, metabolomic, and epigenomic approaches to medicinal plant systems, following a PRISMA-guided literature search across PubMed, Web of Science, Scopus, and CNKI. Emerging evidence shows that specialized metabolism is organized through discrete and often rare cell populations, including idioblasts, laticifers, glandular trichomes, secretory epidermal cells, internal phloem-associated parenchyma, cork and periderm cells, mesophyll cells, and other biosynthetic niches. Single-cell RNA sequencing has defined these populations and reconstructed developmental trajectories, whereas single-cell metabolomics and mass spectrometry imaging reveal that metabolite accumulation frequently diverges from biosynthetic gene expression because of intercellular transport, storage capacity, and subcellular compartmentation. Single-cell ATAC-seq and multiome profiling further identify cell-type-specific regulatory regions, transcription factors, and candidate promoters controlling metabolic competence. Together, these technologies are reshaping medicinal plant biology from pathway-centric catalogs into spatially and developmentally resolved cellular maps. We highlight how artificial intelligence (AI)-assisted integration can accelerate cell annotation, regulatory network inference, metabolite assignment, and prioritization of biosynthetic genes, transporters, and engineering targets. Future progress will depend on comparative medicinal plant atlases, improved recovery of recalcitrant tissues, matched transcriptomic, metabolomic, and spatial designs, and functional validation of cell-type-specific mechanisms."
"pubmed","42796597","10.3390/molecules31183314","Oxindole Compounds Induce NRF2-ARE Antioxidant Pathway in MCF7 Cells and Reduce Inflammatory Response in RAW264.7 Cells.","Selvaraj, Baskar; Nguyen, Qui Ngoc Sang; Ko, Seong-Hee; Yoo, Ki-Yeon; Kang, Suk Woo; Lee, Jae Wook","Molecules (Basel, Switzerland)","2026-09-26","https://pubmed.ncbi.nlm.nih.gov/42796597/","Using previously reported chemical structures and synthetic methods, we prepared a series of 19 oxindole derivatives and evaluated their ability to activate the NRF2-ARE signaling pathway and induce the expression of downstream antioxidant genes. All 19 compounds activated NRF2-ARE signaling. Among them, OIC3 and OIC15 were selected for further investigation based on their relatively low EC(50) values of 6.20 and 4.95 microM, respectively, as well as their favorable cytotoxicity profiles. Both compounds activated NRF2 in a concentration-dependent manner and progressively increased the expression of the NRF2 target genes HO-1 and NQO1 over 8-24 h. Their anti-inflammatory activities were further evaluated in RAW 264.7 macrophages. Quantum chemical calculations identified the exocyclic benzylidene carbon as the most probable electrophilic reaction site, while covalent docking suggested that the Cys151 adducts of both compounds could be structurally accommodated within the KEAP1 BTB domain. Collectively, these findings identify OIC3 and OIC15 as promising NRF2-ARE activators and support their further investigation as potential therapeutic candidates for oxidative stress- and inflammation-related diseases."
"pubmed","42794757","10.3390/ijms27188330","The Compatibility of Astragali Radix and Angelicae Sinensis Radix Attenuates Atherosclerosis by Suppressing Vascular Endothelial PANoptosis via the p38 MAPK/p53 Pathway: A Multi-Omics and Experimental Study.","Li, Wanyu; Long, Qingyin; Fu, Xinying; Li, Yanling; Ma, Lu; Tan, Wei; Hu, Zhongji; Zhang, Yanyan; She, Yan; Zhang, Wei; Deng, Changqing","International journal of molecular sciences","2026-09-26","https://pubmed.ncbi.nlm.nih.gov/42794757/","Previous studies have reported that the combination of Astragali Radix and Angelicae Sinensis Radix (AR-ASR) can ameliorate atherosclerosis (AS) through anti-inflammatory effects; however, the exact mechanistic underpinnings still await further clarification. The present study investigates the anti-atherosclerotic action of AR-ASR from the perspective of PANoptosis (encompassing apoptosis, pyroptosis, and necroptosis). To ascertain the chief active ingredients of the AR plus ASR mixture, UPLC-MS/MS detection was utilized. To predict potential therapeutic targets, a multi-faceted bioinformatics strategy was applied, integrating transcriptomics, single-cell sequencing, network pharmacology, molecular docking, and molecular dynamics simulations. In vivo, male ApoE-deficient mice were allocated at random into the model cohort, AR-ASR low-, medium-, and high-dose groups (AR-ASR L, AR-ASR M, and AR-ASR H, respectively), atorvastatin group (ATV), and control group (age-matched wild-type C57BL/6J mice). Atherosclerosis was induced by 12 weeks of high-fat diet feeding, followed by 4 weeks of oral gavage treatment. Assessment parameters included aortic intimal hyperplasia thickness, serum lipid levels, vascular inflammatory factor expression, endothelial function, and the gene and protein expression levels of PANoptosis- and p38MAPK/p53 signaling pathway-related molecules. For in vitro experiments, POVPC-stimulated AVECs were used as an oxidative damage model and then treated with AR-ASR-containing serum. Cell proliferation activity, cell injury rate, and the expression levels of PANoptosis markers and p38MAPK/p53 signaling pathway-related molecules were measured. Furthermore, in the presence of a p38MAPK agonist, the protective effect of AR-ASR on AVECs and its underlying mechanism were investigated. Bioinformatics analysis suggested that AR-ASR modulates PANoptosis and interferes with AS via the p38MAPK/p53 signaling axis. In vivo, AR-ASR treatment reduced serum lipid levels, attenuated aortic intimal hyperplasia, decreased plasma inflammatory cytokine levels and vascular inflammatory factor expression, improved endothelial function, and suppressed both vascular PANoptosis and p38MAPK/p53 pathway activation. In vitro, POVPC induced oxidative damage and PANoptosis in AVECs. AR-ASR-containing serum promoted AVEC viability, reduced LDH release, inhibited the expression of PANoptosis-related markers, and downregulated p38MAPK/p53 signaling pathway protein expression. Furthermore, in the presence of a p38MAPK agonist, the inhibitory effects of AR-ASR on cellular PANoptosis and p38MAPK/p53 pathway activation were significantly attenuated. The AR-ASR compatibility suppresses p38MAPK/p53 pathway activation, thereby inhibiting vascular endothelial PANoptosis-driven inflammatory responses and ameliorating atherosclerotic vascular pathology."
"pubmed","42794715","10.3390/ijms27188288","Exploring the Neuroprotective Effects of Walnut (Juglans regia L.) Against Cognitive Impairment in Alzheimer's Disease Through the MAPK-mTORC1-TFEB-Mediated Endolysosomal Pathway: A Network Pharmacology and Molecular Docking Approach.","Lin, Chih-Ting; Chen, Kuan-Tso; Hung, Yu-Chiang","International journal of molecular sciences","2026-09-26","https://pubmed.ncbi.nlm.nih.gov/42794715/","Alzheimer's disease (AD) is a complex neurodegenerative disorder with multifaceted pathogenesis. Given the clinical need for multi-target interventions, this study elucidated the neuroprotective mechanisms of walnut (Juglans regia L.) against AD-related cognitive impairment. Methods: We characterized 25 bioactive constituents (fatty acids and ellagitannins) and constructed a protein-protein interaction (PPI) network. GO/KEGG enrichment, integrated with Ingenuity Pathway Analysis (IPA), deciphered pharmacological pathways, followed by molecular docking to evaluate ligand-target binding thermodynamics. Network analysis revealed that walnut phytochemicals synergistically modulate the MAPK-mTORC1-TFEB-mediated endolysosomal homeostasis pathway. Molecular docking indicated that ellagitannins (strictinin, pedunculagin, tellimagrandin I) exhibit robust affinities for upstream RAS/RAF/MEK kinases, suppressing pro-pathogenic signaling. Concurrently, gallic acid targeted ABCA1 and TFEB, promoting TFEB activation and nuclear translocation to enhance beta-amyloid clearance and lysosomal biogenesis. This study provides evidence that walnut attenuates AD pathology through ""multi-component"" reinforcement of the endolysosomal defense system, establishing a mechanistic foundation for walnut as a promising functional food."
"pubmed","42794617","10.3390/ijms27188189","A Universal Plasticizer Alkylsulfonic Phenyl Ester Activates Pregnane X Receptor to Increase Intestinal Cholesterol Uptake.","Okore, Nnamdi; Kariuki, Wangeci; Brown, Conner; Moxley, Michael A; Ramirez, Naara; Sui, Yipeng","International journal of molecular sciences","2026-09-26","https://pubmed.ncbi.nlm.nih.gov/42794617/","Alkylsulfonic phenyl ester (ASE) is an alternate non-phthalate plasticizer used in PVC and polyurethane manufacture, such as for medical tubing and toys. Plastic-associated endocrine disrupting chemicals have been associated with increased cardiovascular disease risks and have been established as the agonists of a xenobiotic sensor, pregnane X receptor (PXR), which has atherogenic and dyslipidemic effects. However, it is unknown whether ASE activates PXR to adversely affect cardiovascular system. Our objective is to investigate how ASE impacts lipid profiles and cholesterol uptake via PXR signaling. Human hepatic and intestinal cells were used to test activation of PXR by ASE. The computational docking study and site-directed mutagenesis were used to identify key amino acid residues in PXR that interacted with ASE. The natural PXR inhibitor resveratrol was used to prohibit PXR activities. The male C57BL/6 wildtype mice were fed with ASE to evaluate if ASE could alter plasma lipid levels. Our data suggested that ASE was a specific PXR agonist and increased atherogenic cholesterol levels in mice mediated by PXR. Furthermore, ASE treatment increased cholesterol uptake by human intestinal cells through PXR signaling. Our study elucidates the role of PXR as a mediator of xenobiotic-elicited dyslipidemia and provides evidence for the future risk assessment of ASE on cardiovascular diseases."
"pubmed","42794453","10.3390/ijms27188023","Explainable Artificial Intelligence and Gene-Network Analysis Prioritise a TREM2/LGALS3/GPNMB Scar-Associated Macrophage Programme in Human Liver Cirrhosis.","Faisal, Shah; Ejaz, Muhammad Adeel; Kambey, Piniel Alphayo; Malik, Abdul; Li, Yin-Xiong","International journal of molecular sciences","2026-09-26","https://pubmed.ncbi.nlm.nih.gov/42794453/","Macrophages organise the fibrotic niche of liver cirrhosis. The scar-associated macrophage state is well described, but the genes that define it have rarely been ranked in an unbiased, model-based way, and the statistical limits of such re-analyses are seldom reported. Here we set out to re-derive the scar-associated macrophage programme without supervision, to rank its constituent genes by convergent computational evidence, and to state explicitly what a cohort of this size can and cannot support. We re-analysed 58,358 single-cell transcriptomes from five uninjured and five cirrhotic human livers (GEO GSE136103; Edinburgh DataShare DS_10283_3433). After quality control, Harmony batch integration and Leiden clustering, the mononuclear-phagocyte compartment (9869 cells) was re-clustered. We applied donor-level compositional testing stratified within the CD45+/CD45- sorted fractions, donor-level pseudobulk differential expression, three classifiers with SHapley Additive exPlanations (SHAP) under donor-grouped cross-validation, transcription-factor differential expression, diffusion pseudotime, ligand-receptor modelling and CellOracle in silico perturbation. The donor, never the cell, was the unit of analysis for every condition comparison. A discrete macrophage cluster (390 cells; 60.5% cirrhotic; contributed by all 10 donors) carried a coherent lipid/scar programme comprising LGALS3, GPNMB, TREM2, CD9, FABP5, APOE, APOC1 and CTSD, and was recovered in all 22 clustering configurations tested. The integrated prioritisation was robust: seven genes remained in the top 20 in 100% of 1000 Dirichlet re-weightings. MAFB, MITF and TFEC were significantly enriched transcription factors, and pseudotime placed the state downstream of a monocyte root. Three findings temper these results. No lineage showed a significant compositional change after multiple-testing correction, and every test was underpowered for its observed effect. No gene reached significance in donor-level pseudobulk differential expression. Classifier performance of 0.99 reflects the circularity of predicting a cluster defined from the same matrix; the non-circular contrast of cirrhotic versus uninjured cells gave 0.61-0.65. Overall, a documented, fully reproducible framework re-derives and ranks a TREM2/LGALS3/GPNMB scar-associated macrophage programme and nominates galectin-3, GPNMB and the SPP1 axis as prioritised, clinically unproven candidates. The prioritisation is a hypothesis requiring independent, spatial, protein-level and functional validation."
"pubmed","42793187","10.3390/biom16091355","Comparing YAP(WW1) and TAZ(WW): Similar Binding Sites but Different Stability and Conformational Dynamics.","Merlen, Clara; Mesrouze, Yannick; Chau, Suzanne; Diehl, Benjamin A; Hinniger, Alexandra; Zimmermann, Catherine; Meyerhofer, Marco; Fontana, Patrizia; Groebke, Svenya; Hinrichs, Jurgen; Abdul Rahman, Wassim; Gutmann, Sascha; Fernandez, Cesar; Petrovic, Dusan; Chene, Patrick","Biomolecules","2026-09-26","https://pubmed.ncbi.nlm.nih.gov/42793187/","The two paralogs YAP and TAZ act through TEAD transcription factors and bind PPxY motif proteins in the Hippo pathway via WW domains. YAP has up to two WW domains, whereas TAZ has one. Because YAP(WW1) and TAZ(WW) are the most similar in sequence, they can be considered as corresponding modules in these two proteins. This study shows that, despite their similarity, they differ strongly in conformational stability and in how they bind flexible ligands. Nano-differential scanning fluorimetry, circular dichroism, and NMR indicate that both isolated domains populate partially folded or exchanging states in solution, but TAZ(WW) is more thermally stable and has a larger folded population. Peptide binding stabilizes both domains, producing sharper NMR signals. Surface plasmon resonance measurements with PPxY peptides show micromolar affinities and generally modest differences between YAP(WW1) and TAZ(WW), although these differences increase for conformationally plastic ligands. A high resolution LATS2:YAP(WW1) crystal structure and molecular dynamics simulations suggest that preorganized peptides bind more tightly and less selectively, while flexible peptides incur larger binding penalties that dynamic YAP(WW1) compensates more effectively. These observations indicate that differences in WW-domain stability contribute to subtle YAP/TAZ binding preferences despite conserved binding surfaces and evolutionary relatedness between the paralogs."
"pubmed","42793007","10.3390/genes17091113","A Database-Derived Phthalate Ester-Ankylosing Spondylitis Signature Identifies an AP-1/CXCL8 Inflammatory Classical-Monocyte Program.","Luo, Xiqing; Zheng, Xuqi; Xu, Wenyu; Guo, Dan; Jia, Xinlei; Gu, Jieruo; Zhao, Xiaoyi; Jiang, Yutong","Genes","2026-09-26","https://pubmed.ncbi.nlm.nih.gov/42793007/","Objectives: We tested whether a database-derived phthalate ester (PAE)-ankylosing spondylitis (AS) candidate panel identifies an inflammatory transcriptional program and characterized its transcription-factor (TF) architecture. Methods: Machine learning prioritization and repeated nested cross-validation were followed by locked-model transfer from GSE73754 to GSE25101. Donor-level single-cell analyses included 96,746 peripheral blood mononuclear cells from 10 AS and 29 healthy-control donors (GSE194315), with corroboration assessed in 25 additional baseline AS patients (GSE277117). Results: Within classical monocytes, the continuous signature covaried with panel-excluded TNF-alpha/NF-kappaB signaling (rho = 0.571; q = 0.000729), inflammatory response (rho = 0.447; q = 0.0108), and eight of 10 AP-1-related TF activities. Target-excluded TF activities covaried with CXCL8 (8/10) and IL1B (10/10). AP-1-gene/CXCL8 co-expression received partial corroboration in the additional AS cohort (JUN-CXCL8: rho = 0.92). Among 16 genes prioritized from 473 shared candidates, CXCL8, IL2RB, STAT5B and TNF were stable. The locked 14-gene model achieved an area under the receiver-operating-characteristic curve of 0.770 (DeLong 95% confidence interval, 0.596-0.943), supporting partial rank transportability. Secondary analyses showed a lower CD56bright fraction among natural killer (NK) cells in AS (-2.699 percentage points; 95% confidence interval, -4.575 to -0.611; q = 0.0498) and reduced NK-cell JUN expression (log(2) fold change = -0.995; adjusted p = 0.0497). Conclusions: The PAE-AS signature identifies an AP-1/CXCL8-associated classical-monocyte inflammatory program, with partial cross-cohort corroboration and secondary NK alterations, providing candidates for exposure-informed mechanistic studies."
"pubmed","42793003","10.3390/genes17091110","Statistical Visibility of Curated TF-Target Regulatory Relationships and Reverse Consistency of Top-Ranked TF-Gene Pairs in Single-Cell Expression Data.","Feng, Wenqing; Zhang, Zejun; Wu, Zheng; Yuan, Chengyu; Sun, Jinlei; Wang, Guoqiang; Liu, Yunqing","Genes","2026-09-26","https://pubmed.ncbi.nlm.nih.gov/42793003/","BACKGROUND/OBJECTIVES: Large language models and automated analytical tools show potential for biomedical text understanding, knowledge integration, and single-cell data interpretation, but interpretations of specific gene regulatory relationships still require empirical grounding. For TF-target relationships, one relevant constraint is whether curated regulatory edges show detectable expression-level statistical evidence in the single-cell data being interpreted, because such evidence may vary across cellular states, conditions, and regulatory mechanisms. We therefore evaluated the statistical visibility of known transcription factor (TF)-target relationships in single-cell expression space to aid the interpretation of regulatory inference and automated-tool outputs. METHODS: We performed two complementary analyses: first, testing whether curated TF-target edges showed stronger pair-level associations than matched background gene pairs; and second, assessing whether high-scoring TF-gene pairs corresponded to existing regulatory knowledge and whether their target genes showed pathway coherence. RESULTS: Across four peripheral blood mononuclear cell (PBMC) datasets, four adult tissues, and seven adult cell types, curated TF-target relationships showed weak but reproducible statistical visibility rather than strong separation. For all five association metrics, the mean area under the precision-recall curve (AUPRC) was only slightly above the random-ranking baseline of 0.5. High-scoring pairs were more often supported by curated resources, and their target genes showed context-specific Hallmark pathway coherence. CONCLUSIONS: Single-cell expression associations can provide useful but limited statistical clues for TF-target regulation and should be interpreted as complementary rather than definitive regulatory evidence."
"pubmed","42792657","10.3390/biomedicines14091914","Senescence-Associated Checkpoint Gene Dysregulation in Established Osteoarthritis: Integrated Transcriptomic Analysis and In Vitro Evaluation of CDK6 and WEE1.","Liao, Chang-Sheng; Ju, Yu-Can; Wang, Min-Xiao; Long, Cheng; Lan, Feng-Jun","Biomedicines","2026-09-26","https://pubmed.ncbi.nlm.nih.gov/42792657/","Background/Objectives: Osteoarthritis (OA) is a whole-joint disease, and cellular senescence is one of several processes associated with cartilage degeneration. This study aimed to identify senescence-associated differentially expressed genes in established OA and to examine checkpoint-related candidates without assuming a causal checkpoint-imbalance mechanism. Methods: Five Gene Expression Omnibus (GEO) datasets spanning articular-cartilage tissue and primary cartilage-derived chondrocytes (GSE57218, GSE117999, GSE114007, GSE246425, and GSE169077) were integrated as a training cohort; the meniscus dataset GSE98918 was reserved as an independent cross-tissue validation cohort. OA-associated differentially expressed genes (DEGs) were intersected with CELLAGE genes. Enrichment, protein-protein interaction, transcription-factor, competing endogenous RNA, drug-enrichment, and molecular-docking analyses were performed. CDK6 and WEE1 expression was evaluated in IL-1beta-treated human C28/I2 chondrocytes by RT-qPCR and representative Western blotting. Results: Forty-one senescence-associated DEGs were identified, and seven network-central genes (CDKN1A, CDK6, WEE1, NFKB2, ID1, RBL2, and IGFBP7) were prioritized. CDKN1A, CDK6, and WEE1 were reduced in OA-associated meniscal samples in GSE98918; within-dataset ROC analyses yielded AUCs of 0.931, 0.882, and 0.792, respectively. In IL-1beta-treated C28/I2 cells, WEE1 mRNA decreased whereas CDK6 mRNA increased; representative immunoblots showed concordant qualitative trends. Berberine- and folic acid-related docking findings were computational only. Conclusions: Checkpoint-related gene expression is associated with senescence-linked transcriptomic changes in established OA. The discordant CDK6 results between clinical tissue datasets and an acute inflammatory cell model do not establish stage-dependent regulation. The present data also do not demonstrate p53-mediated CDKN1A activation, checkpoint failure, cell-cycle arrest, or cellular senescence; these hypotheses require dedicated functional experiments."
"pubmed","42791474","10.1007/s10930-026-10356-2","Integrated Structural and Dynamic Analysis Reveals Destabilizing Effects of KRAS Missense Variants Associated with Lung Cancer.","Mia, Md Sohel; Datta, Bimal Kumar; Akter, Khadija; Das Topu, Tomal Krishno; Shawon, Jamima Mahzabin; Hossen, Faisul; Pranto, Abdur Rahman; Shadhin, Md Saklain Tanver; Tahsin, Nowmee; Qahl, Safa H; Bakhsh, Tahani; Talukder, Md Enamul Kabir","The protein journal","2026-09-26","https://pubmed.ncbi.nlm.nih.gov/42791474/","Given the established oncogenic role of KRAS in lung cancer and its predicted regulation by hsa-miR-134 and transcription factors (NCOA4, NR3C2, ETS2), we systematically catalogued genetic variation across the KRAS gene. In this study, we identified 21,598 SNPs, of which 475 were missense (2.19%), 580 were synonymous (2.68%), and 18,093 were intronic (83.77%). In silico prioritization combined with cross-validation in TCGA-LUAD and MSK-IMPACT cohorts identified four high-confidence deleterious variants (G13C, G13D, G60S, G60V), confirming the recurrence of G13C/G13D and highlighting the fully conserved switch II residue G60 as a structurally distinctive candidate. In MD simulations, G60S showed the largest conformational displacement (RMSD  approximately  8-9 A), elevated per-residue flexibility (residues 28-37: 1.90 --> 2.99 A), increased terminal Rg, and reduced hydrogen-bond occupancy, suggesting localized, mutation-specific perturbations within the G-domain. In contrast, G13D maintained near-wild-type dynamics, indicating that functional impairment may not require global structural destabilization. Consistent ensemble analyses (PCA, DCCM, FEL) revealed a dominant single-mode rearrangement for G60S (PC1  approximately  50.8%), a heterogeneous multi-state landscape for G60V, and a restricted low-energy ensemble for G13D, supporting distinct, position-specific mechanisms. Gene-gene and protein-protein interaction analyses linked KRAS to multiple signaling partners, GO and KEGG enrichment analyses associated KRAS with GTPase activity, Rac protein signaling, and the RAS-MAPK and PI3K-AKT pathways implicated in lung cancer progression. Overall, these findings identify G13C, G13D, G60S, and G60V as high-priority candidates for experimental validation and may inform future strategies for genomic risk assessment and mutation-specific therapeutic intervention in lung cancer."
"pubmed","42791261","10.1038/s41467-026-77381-8","GLM-Prior: a genomic language model for transferable sequence-derived priors in gene regulatory network inference.","Skok Gibbs, Claudia; Chen, Angelica; Bonneau, Richard; Cho, Kyunghyun","Nature communications","2026-09-26","https://pubmed.ncbi.nlm.nih.gov/42791261/","Gene regulatory network inference depends on high-quality prior knowledge, yet curated priors are often incomplete or unavailable across species and cell types. We present GLM-Prior, a genomic language model fine-tuned to predict transcription factor-target gene interactions from nucleotide sequence. We integrate GLM-Prior with PMF-GRN in a dual-stage pipeline that combines sequence-derived priors with single-cell expression data for prior-conditioned GRN inference. Across six cell-line contexts, GLM-Prior performance scales with positive label abundance and TF coverage, showing above-chance agreement with reference networks in well-annotated mammalian settings. Single-species, species-transfer, and multi-species training show that GLM-Prior can construct informative priors across related mammalian species. Compared with accessibility-based priors, GLM-Prior achieves the highest prior performance in four of five mammalian cell lines. These benchmarks show that prior quality largely constrains GRN inference performance, positioning GLM-Prior as a transferable workflow for sequence-derived prior construction when matched experimental assays are unavailable."
"pubmed","42789608","10.1371/journal.pone.0359068","Exploring the cytotoxic potential of Artemisia herba-alba crude extract and key phytoconstituents using in vitro assays and molecular docking insights.","Al-Halaseh, Lidia Kamal; Al-Samydai, Ali M; Moshawih, Said; Al-Qaraleh, Moath; Al-Zregat, Diana M; Amareen, Zaid S; Al Soub, Manal Nahar; Abdelhadi, Nadine N; Qaraghuli, Samra","PloS one","2026-09-25","https://pubmed.ncbi.nlm.nih.gov/42789608/","The aim of the current research project is to evaluate the potential cytotoxicity of the aqueous extract of Artemisia -albaherba aerial parts against selected cancer cell lines. The widely grown plant material was collected and extracted. The crude aqueous extract was subjected to MTT analysis to assess potential cytotoxicity and cell viability. The cell lines utilized include: Normal Human Umbilical Vein Endothelial cell line EA (HUVEC; cat. no. CRL-1730; ATCC), Triple Negative Breast cancer cell line, MDA MB 231 (HTB-26), Human Pancreatic Ductal Adenocarcinoma cell line PANC1 (CRL-1469), Human Colorectal Carcinoma HCT 116 (CCL-247) cell lines. Cisplatin and doxorubicin serve as reference agents, and the media vehicle serves as a negative control. The extract was analysed by UHPLC/MS-MS. Three of the detected bioactive phytoconstituents, namely liquiritigenin, isofraxidin, and artemisinin, were docked against three cancer-associated protein targets corresponding to the three investigated cancer cell lines. The selected targets were TP53/p53 in the HCT-116 colorectal cancer cell line, AKT1 in the MDA cell line, and KRAS in the PANC-1 pancreatic cancer cell line. A marked decrease in cell viability was observed in the human colon and breast cancer cell lines at plant extract concentrations of 0.046-50 mg/mL. The highest cytotoxicity, around 45%, was observed against human colon cancer cells at concentrations of 12.5-50 mg/mL. And the cytotoxicity was around 40% against breast cancer cells at a concentration of 50 mg/mL. The plant remedy exhibited moderate cytotoxicity against pancreatic cancer cells, with an IC50 of approximately 20% at the highest tested concentration. The biocompatibility of the aqueous extract was predicted; hence, normal epithelial cells retained their viability at 1.5 mg/mL and showed a moderate-to-weak effect at higher concentrations. The herbal extract exhibits the highest IC50 values against EA and PANC1 of 220-240 microg/mL, whereas against MDA-MB-231 and HCT-116 cells, the IC50 values are significantly lower at 80-100 microg/mL. This indicates greater sensitivity of breast and colon cancer cell lines to the natural product. The simulation analyses demonstrate that isofraxidin and liquiritigenin have better binding affinity to the selected proteins than artemisinin. The best overall complexes were TP53-isofraxidin and TP53-liquiritigenin, with docking scores around -8 kcal/mol, followed by KRAS-liquiritigenin and AKT1-isofraxidin. To sum up, A. herb alba has a potential selective anticancer effect that may be attributed to the phenolic compounds constituents. These promising findings warrant further study to elucidate its mechanism of action, safety profile, and to predict the optimal dosage formulation."
"pubmed","42788881","10.1080/15476286.2026.2731890","MicroRNA circuits and regulatory networks: emerging therapeutic paradigm.","Goswami, Swati; Singh, Shailza","RNA biology","2026-09-25","https://pubmed.ncbi.nlm.nih.gov/42788881/","MicroRNAs (miRNAs) are small non-coding RNAs whose function is to regulate gene expression post-transcriptionally. Transcription factors (TFs) are the DNA-binding proteins responsible for activation or repression of a gene. Together, miRNAs and TFs form regulatory networks that modulate cellular homeostasis. In these regulatory networks, these TFs often regulate the expression of miRNAs, and in turn, miRNAs regulate the expression of TFs, thus forming feedback and feedforward loops. These loops and regulatory networks allow precise control over gene expression patterns by enabling accurate signal processing. Utilizing mathematical modelling and machine learning approaches helps understand the global structure of these networks. These reveal cellular fate selection, stress adaptation, disease development, and gaining insights into these interconnected regulatory systems opens new prospects for novel biomarker discovery and therapeutic approaches in a variety of disciplines, including cancer and immunotherapy."
"pubmed","42788369","10.3892/mmr.2026.14032","BMAL1 in cardiovascular diseases: Molecular mechanisms, circadian regulation and translational perspectives (Review).","Liang, Yu; Chen, Tingjin; Wen, Xuemei; Liu, Dan; Zhang, Zhongjian; Li, Weiqing; Zhang, Hengdi","Molecular medicine reports","2026-09-25","https://pubmed.ncbi.nlm.nih.gov/42788369/","Brain and muscle ARNT‑like 1 (BMAL1) is a core transcription factor of the molecular circadian clock and links daily timing with cardiovascular electrophysiology, metabolism, vascular function and inflammation. Altered BMAL1 expression or rhythmicity has been reported in arrhythmias, atherosclerosis, myocardial ischemia/reperfusion injury and heart failure. However, its specific role has remained elusive, as local effects in cardiovascular cells are often mixed with the broader effects of whole‑body circadian disruption. The present review addressed this gap by separating evidence from central and peripheral clocks, cell‑specific and systemic models, and experimental and human studies. Cardiomyocyte‑specific models provide relatively direct evidence that the local clock supports electrical stability, substrate use, mitochondrial homeostasis and contractile function. However, in endothelial cells, vascular smooth muscle cells and immune cells, the effects of BMAL1 are more variable and depend on cell type, metabolic conditions, disease stage and circadian phase. Human evidence remains mainly associative, whereas most mechanistic findings come from cell and animal studies. The present review also assessed small‑molecule clock modulators, chronotherapy and non‑pharmacological interventions, as well as time‑resolved multi‑omics and machine‑learning approaches. Current evidence does not support viewing BMAL1 as simply protective or harmful. A selective BMAL1‑binding small molecule has recently been identified, but its cardiovascular efficacy and safety have not been established. In addition, the clinical benefits of chronotherapy vary across treatments and patients. Further translation will require tissue‑specific human models, repeated sampling across biological time and prospective studies of treatment guided by individual circadian phases."
"pubmed","42788362","10.1093/nar/gkag923","Molecular structure and DNA binding mode of unsymmetric cyanine dyes RiboGreen and OliGreen.","Blackford, Nolan; Nepal, Saileena; He, Huan; Zheng, Lianqing; Yang, Wei; Silvers, Robert","Nucleic acids research","2026-09-25","https://pubmed.ncbi.nlm.nih.gov/42788362/","The binding of fluorescent dyes to nucleic acids and their fluorogenic properties are indispensable tools for nucleic acid detection, quantification, and imaging, yet the molecular structures of several widely used commercial dyes have remained unknown. Here, we de novo determined the molecular structures of RiboGreen and OliGreen and confirmed the previously proposed structure of PicoGreen using high-field NMR spectroscopy and ultra-high resolution mass spectrometry. All three dyes were identified as unsymmetric cyanine dyes, where benzazolium and 4-quinolinium moieties are linked by a monomethine bridge. Complete 1H and 13C resonance assignments enabled us to expand the existing chemical shift reference set for this important class of dyes. Photophysical characterization with standardized single- and double-stranded DNA and RNA targets indicated that all dyes performed similarly upon binding despite being marketed toward different nucleic acid types. NMR spectroscopy and long-timescale molecular dynamics simulations showed that RiboGreen interacts with double-stranded DNA predominantly by two binding modes, electrostatic interactions with the phosphodiester backbone and pi-pi stacking with accessible nucleobases of the DNA molecule. These results establish the molecular structures of three widely used commercial dyes and provide a structural and mechanistic framework for understanding the fluorogenic properties of this class of dyes."
"pubmed","42787726","10.22038/ijbms.2026.95195.20528","Identification of key genes and pathways involved in trastuzumab resistance in HER2-positive gastric cancer through integrative bioinformatics analysis.","Wang, Feng; Mottaghi-Dastjerdi, Negar; Altameemi, Fatma; Shahbazi, Behzad; Ahmadi, Nahid; Montazeri, Hamed; Soltany-Rezaee-Rad, Mohammad; Niazi, Mohammad-Javad; Yazdani, Fateme; Morad, Hamed; Li, Nana","Iranian journal of basic medical sciences","2026-09-25","https://pubmed.ncbi.nlm.nih.gov/42787726/","OBJECTIVES: Trastuzumab resistance limits therapeutic efficacy in HER2-positive gastric cancer, and its systems-level regulatory architecture remains poorly characterized. This study aimed to identify key regulatory modules, biomarkers, and candidate therapeutic targets associated with trastuzumab resistance. MATERIALS AND METHODS: Gene expression profiles from trastuzumab-sensitive and -resistant gastric cancer cell lines (GSE77346) were analyzed to identify differentially expressed genes (DEGs). Protein-protein interaction (PPI) networks were constructed, and hub genes were identified using topology-based methods and clustering. Functional enrichment analysis was performed using Gene Ontology and KEGG pathways. Prognostic relevance was evaluated using TCGA-STAD data via UALCAN. Drug-gene interactions were explored using DrugBank and PHAROS, followed by structural modeling and molecular docking. RESULTS: Trastuzumab resistance was linked to transcription factor-driven reprogramming, cytoskeletal and adhesion remodeling, and receptor tyrosine kinase (RTK) bypass signaling. Eleven hub genes were identified across four functional modules potentially associated with FGFR signaling, epithelial-mesenchymal transition (EMT), and lineage plasticity. Elevated PXDN and CDH2 expression was significantly associated with poor overall survival in TCGA-STAD. Molecular docking provided preliminary in silico evidence for potential interactions between selected compounds, including ADH-1, AGX51, artenimol, and phenethyl isothiocyanate, and candidate targets, including N-cadherin/CDH2, ID3, and vimentin. CONCLUSION: Trastuzumab resistance may involve networks related to transcriptional plasticity, adhesion dynamics, and RTK redundancy. This study provides a hypothesis-generating framework for future biomarker-guided combination strategies, which requires validation in HER2-positive cohorts and experimental models."
"pubmed","42786840","10.2174/0118715303480747260911112434","Identification of DUSP4 and NID1 as Biomarkers Related to Cation Homeostasis in Diabetic Retinopathy Based on Transcriptomic Analysis.","Jiang, Tingting; Chang, Qing","Endocrine, metabolic & immune disorders drug targets","2026-09-25","https://pubmed.ncbi.nlm.nih.gov/42786840/","BACKGROUND: The pathophysiology of Diabetic Retinopathy (DR) remains incompletely understood, and there are no biomarkers for early diagnosis and therapeutic intervention. This study aimed to identify biomarkers of DR from among genes related to cation homeostasis. METHODS: Data related to DR and Cation Homeostasis-Related Genes (CHRGs) were retrieved from public databases. Common Differentially Expressed Genes (DEGs) among blood and tissue datasets were identified, and overlapping genes between common DEGs and key module genes associated with differentially expressed CHRGs (DE-CHRGs) were Designated As Candidate Genes. For Biomarker Identification, these genes were used for Protein-Protein Interaction (PPI) network construction, machine learning analysis, and expression validation. Biomarker performance was then evaluated through nomogram construction and testing. Additionally, enrichment, immune cell infiltration, regulatory factor, and drug-prediction analyses were conducted to explore the functions of biomarkers in DR. RESULTS: In total, 125 common DEGs, 6990 key module genes, and 62 candidate genes were obtained. Through PPI network analysis, machine learning analysis, and expression validation, DUSP4 and NID1 were identified as biomarkers. The corresponding nomogram demonstrated favorable performance in diagnosing DR. Notably, both biomarkers were co-enriched in pathways, including the ""ribosome"" pathway. Subsequently, key transcription factors that regulate these biomarkers were identified. DISCUSSION: This study linked cation homeostasis with DR, providing a potential research direction for the early diagnosis and treatment of DR. CONCLUSION: This study identified DUSP4 and NID1 as biomarkers for DR, providing potential molecular clues for the exploration of therapeutic strategies for DR."
"pubmed","42786362","10.1007/s00011-026-02364-w","UBE2L6 drives ulcerative colitis progression by promoting BIRC2 degradation and activating non-canonical NF-kappaB signalling.","Cheng, Zhiyi; Yu, Chao; Liu, Guiyuan; Su, Bingbing; Dai, Longfei; Zhao, Xiaojun; Huang, Chuanjiang","Inflammation research : official journal of the European Histamine Research Society ... [et al.]","2026-09-25","https://pubmed.ncbi.nlm.nih.gov/42786362/","BACKGROUND: Post-translational modifications (PTMs) have been increasingly recognized as important regulators of ulcerative colitis (UC) progression. However, the specific PTM type and key enzyme driving UC remain largely undefined. METHODS: Genes related to 21 PTM types were intersected with differentially expressed genes (DEGs) in UC and screened using 113 machine learning algorithms. Functional validation was performed in lipopolysaccharide (LPS) stimulated NCM460 and HT29 cells. Immunoprecipitation-mass spectrometry (IP-MS) combined with data-independent acquisition (DIA) proteomics was used to identify downstream targets and pathways. RESULTS: UBE2L6 was identified as a key PTM-related gene in UC. In LPS stimulated intestinal epithelial cells, UBE2L6 downregulation was found to markedly attenuate inflammatory responses and barrier dysfunction. BIRC2 was identified as a downstream target of UBE2L6, and the non-canonical NF-kappaB pathway was determined to be the principal signalling axis involved. Mechanistically, UBE2L6 was shown to facilitate the transfer of K48 linked ubiquitin chains to BIRC2, thereby promoting BIRC2 autoubiquitination and degradation. Consequently, NIK degradation was impaired, leading to NIK accumulation, enhanced p100 processing to p52, and activation of non-canonical NF-kappaB signalling. CONCLUSIONS: UBE2L6 promotes UC progression through BIRC2 degradation-dependent activation of the non-canonical NF-kappaB pathway and may serve as a potential therapeutic target in UC."
"pubmed","42784621","10.1371/journal.pone.0358953","Transcriptomic associations and biomarkers in ANCA‑associated Glomerulonephritis and IgG4‑related Disease: A bioinformatics and machine learning study.","Li, Xu; Qiao, Yufeng","PloS one","2026-09-24","https://pubmed.ncbi.nlm.nih.gov/42784621/","INTRODUCTION: Anti-neutrophil cytoplasmic antibody-associated glomerulonephritis (ANCA-GN) and immunoglobulin G4-related disease (IgG4-RD) are rare autoimmune conditions. Although case reports suggest potential clinical and pathophysiological overlaps, the cross-tissue transcriptional associations between these diseases remain largely unexplored. METHODS: We retrieved the ANCA-GN glomerular dataset (GSE104948) and the IgG4-RD labial salivary gland dataset (GSE40568) from the Gene Expression Omnibus. Differentially expressed genes (DEGs) in ANCA-GN were screened via protein-protein interaction networks, least absolute shrinkage and selection operator regression, and the Boruta algorithm. Given tissue heterogeneity and small IgG4-RD sample size, we used expression trend consistency (log-fold change direction) rather than differential validation to explore shared transcriptional features. Receiver operating characteristic curves assessed discriminative potential. Pathway associations were explored using gene set enrichment analysis, and immune infiltration was evaluated with CIBERSORT, single-sample gene set enrichment analysis, and MCPcounter. Transcription factor-mRNA-microRNA networks were also constructed. RESULTS: We identified 305 DEGs (209 upregulated, 96 downregulated) in ANCA-GN, enriched in immune/inflammatory pathways including phosphatidylinositol 3-kinase-Akt and mitogen-activated protein kinase signaling. After machine learning and cross‑trend comparison with IgG4‑RD, ITGAM and CXCL1 were identified as candidate cross‑tissue markers, with ITGAM demonstrating robust predictive performance in both internal and external validation (AUC = 0.921, AUC = 0.844, respectively). CXCL1 showed good internal discrimination (AUC = 0.937) but substantially lower external validity (AUC = 0.622), suggesting limited generalizability. ITGAM therefore emerges as a more reliable cross‑disease biomarker candidate, whereas CXCL1 requires further validation. Both diseases showed increased B‑cell, T‑cell, and monocyte infiltration, but effector profiles differed: neutrophils dominated in ANCA‑GN, while plasma cells/M2 macrophages dominated in IgG4‑RD. Regulatory analysis suggested SPI1 may regulate ITGAM, and CEBPD, NFKB1, and RELA may drive CXCL1 expression under inflammation. CONCLUSION: This study systematically revealed shared differential expression trends and immune‑related pathway enrichment features between ANCA‑GN and IgG4‑RD at the transcriptomic level, and identified ITGAM and CXCL1 as potential cross‑tissue candidate biomarkers, offering novel insights into the transcriptomic‑level cross‑tissue associations between the two diseases. However, these findings are entirely derived from bioinformatics predictions and require further experimental validation. The low AUC value of CXCL1 in the external validation underscores this need."
"pubmed","42783788","10.3390/metabo16090663","Potential Mechanisms Linking Excessive Testosterone to PMOS: Insights from Network Toxicology and Machine Learning.","Li, Chao; Su, Zhe; Li, Yiqian; Liu, Huili; Zheng, Mengyi; Zhou, Hanjing; Wei, Cheng; Zhou, Feng; Yang, Cuiyu; Tang, Chen; Chen, Bin","Metabolites","2026-09-24","https://pubmed.ncbi.nlm.nih.gov/42783788/","Background/Objectives: Polyendocrine metabolic ovarian syndrome (PMOS) is characterized by hyperandrogenism, particularly excessive testosterone, as a core clinical feature and a key pathogenic metabolite, yet its molecular mechanisms remain incompletely understood. Methods: This study integrated multi-omics data from Gene Expression Omnibus (GEO) databases with network toxicology, weighted gene co-expression network analysis (WGCNA), and machine learning to identify testosterone-associated core genes in PMOS. Results: Differential expression analysis and WGCNA yielded 42 candidate genes, from which five core genes, including GK5, CYP3A5, EGLN3, VCAM1, and AGTR1, were prioritized as top predictive features through ensemble modeling (RF + XGBoost). Molecular docking predicted favorable testosterone binding conformations. Regulatory network and drug enrichment analysis additionally predicted several upstream transcription factors, hub miRNAs, and potential repurposable drugs. Conclusions: These findings proposed a computational framework for a multi-target molecular landscape linking testosterone to PMOS. The identified genes, regulatory networks, and candidate drugs provided prioritized hypotheses for mechanistic exploration and future evaluation of potential diagnostic and therapeutic applications in hyperandrogenism-related PMOS."
"pubmed","42782759","10.3390/cells15181659","Avicularin and Senegenin Suppress TRPV3-Associated TSLP Expression in Human Keratinocytes.","Kim, Han Bi; Um, Ji Young; Song, Da Eun; Chung, Bo Young; Park, Chun Wook; Kim, Hye One","Cells","2026-09-24","https://pubmed.ncbi.nlm.nih.gov/42782759/","Transient receptor potential vanilloid channel 3 (TRPV3) is a keratinocyte-expressed ion channel that regulates calcium signaling and thymic stromal lymphopoietin (TSLP) production, contributing to pruritic inflammatory skin diseases. Although avicularin (AVC), a flavonoid from Polygonum aviculare L., and senegenin (SNG), the bioactive aglycone of Polygala tenuifolia Willd., possess anti-inflammatory properties, their effects on TRPV3-associated signaling remain unknown. A natural product library was screened for nitric oxide (NO) production in carvacrol-stimulated human keratinocytes. Following primary screening and secondary evaluation of TRPV3 and TSLP expression, AVC and SNG were selected for further study and subsequently evaluated by molecular docking, calcium imaging, quantitative real-time PCR, immunocytochemistry, and pathway inhibition assays. AVC and SNG showed favorable predicted docking poses at both TRPV3 docking sites and significantly attenuated carvacrol-induced calcium-dependent fluorescence responses in TRPV3-expressing cells. Both compounds reduced TRPV3 and TSLP expression at the mRNA and protein levels and attenuated the nuclear translocation of phospho-Nuclear Factor of Activated T Cells 2 (NFATC2) and phospho-p50. Co-treatment with NFAT or Nuclear Factor Kappa B (NF-kappaB) inhibitors produced no additional suppression, consistent with convergence of AVC/SNG-associated effects with NFAT/NF-kappaB signaling. Collectively, these findings support further investigation of AVC and SNG as candidate modulators of TRPV3-associated inflammatory signaling in keratinocytes."
"pubmed","42781876","10.1002/cbin.70213","IGK Suppresses Keloid Fibroblast Activation Through Modulation of MDM2 Expression and p53 Signaling.","Ye, Ziqing; Liu, Feng; Tang, Huancheng; Wang, Xiaoshuang; Liu, Shuhua; Ruan, Qiongfang; Xu, Junhui; Dong, Maolong; Xie, Weiguo; Zhang, Siyu","Cell biology international","2026-09-24","https://pubmed.ncbi.nlm.nih.gov/42781876/","Keloids are intricate fibroproliferative disorders characterized by sustained fibroblast activation, excessive deposition of extracellular matrix, and dysregulated wound-healing responses. This study explored the therapeutic effects and underlying mechanisms of Isoginkgetin (IGK) in keloid fibroblasts (KFbs) and a human keloid xenograft model. Our findings indicated that MDM2 expression was elevated in clinical keloid specimens, and IGK treatment inhibited KFbs proliferation and migration while inducing cell cycle arrest and apoptosis. Mechanistically, IGK downregulated MDM2 expression at the transcriptional level and was associated with the modulation of the MDM2/p53 signaling axis. LiP-MS and molecular docking analyses identified eukaryotic translation elongation factor 1 alpha 1 (EEF1A1) as a potential IGK-associated protein, suggesting that EEF1A1 may play a role in IGK-mediated regulation of MDM2 expression. Moreover, transcriptomic analysis of xenograft tissues combined with serum multicytokine profiling demonstrated that IGK treatment modulated inflammation-associated signatures, including those related to TNF signaling pathways, within the xenograft model. In vivo, administration of IGK resulted in a reduction in volume, collagen deposition, and alpha-SMA expression in established human keloid xenografts. Taken together, these findings indicate that IGK exerts anti-keloid effects by modulating the MDM2/p53 signaling axis and inflammation-associated pathways, underscoring its potential as a therapeutic candidate for keloid treatment."
"pubmed","42780042","10.64898/2026.09.16.752194","Joint inference of paired dynamical gene regulatory networks reveals distinct cell-state landscapes of neutrophil reprogramming.","Ren, Alex; You, Yukai; Lu, Mingyang","bioRxiv : the preprint server for biology","2026-09-24","https://pubmed.ncbi.nlm.nih.gov/42780042/","Disease reprograms cells through changes in gene regulation, yet identifying these changes remains a major challenge. We introduce NetDes-Duo, a computational method that jointly infers transcription factor regulatory network models for two related conditions using scRNA-seq data. The networks are optimized to have minimal topological differences, while the associated ODE models recapitulate single-cell gene expression trajectories for both conditions. On synthetic benchmarks, NetDes-Duo outperformed methods that infer each network independently. NetDes-Duo was applied to neutrophil reprogramming in naive and tumor-bearing mice, and the network-simulated dynamics reproduced the observed cell state transitions. The naive landscape had two well-separated basins, whereas the tumor-bearing landscape was more continuous, with three shallower basins. Perturbation and driving simulations also identified Cebpb as a key driver of the tumor-bearing transition, consistent with emergency granulopoiesis literature. We expect NetDes-Duo to be a broadly applicable framework for uncovering the regulatory logic of disease-associated cell state transitions."
"pubmed","42779930","10.64898/2026.09.14.751576","Martini 3 Coarse-Grained Model of DNA for Heterogeneous Molecular Systems.","Dargis, Rokas; Arya, Gaurav","bioRxiv : the preprint server for biology","2026-09-24","https://pubmed.ncbi.nlm.nih.gov/42779930/","DNA often functions in heterogeneous molecular systems containing proteins, lipids, polymers, and other materials. All-atom molecular dynamics simulations can be used to study DNA in these multicomponent systems, but computational cost limits the accessible system sizes and time scales. Coarse-grained models extend these scales, but existing DNA models are generally not designed for interactions with a broad range of other molecular species. To fill this gap, we develop a coarse-grained model of DNA designed for use with the Martini 3 force field. The model was parameterized through an iterative Bayesian optimization workflow, which used a scaled Wasserstein metric to compare distributions of local geometrical features and global structure from coarse-grained simulations against all-atom reference simulations. The optimized model captures key structural and mechanical properties of single- and double-stranded DNA across varying strand lengths and ionic conditions, while retaining compatibility with the broader Martini 3 ecosystem. This compatibility enables DNA to be integrated with a broad range of molecular systems, as we illustrate through simulations of double-stranded DNA bound to a transcription factor, cholesterol-tagged DNA duplex interacting with a lipid bilayer, a crossover-containing DNA nanostructure, and single-stranded DNA adsorbing onto graphene. Together, these results establish a transferable coarse-grained model of DNA for simulations of heterogeneous biomolecular and engineered systems."
"pubmed","42779769","10.64898/2026.08.11.744200","Temporal regulation of a spatial patterning factor in Drosophila neurogenesis.","Coyne, Rose; Kamulegeya, Fahad; Lake, Cathleen; Rajesh, Raghuvanshi; Treese, McKenzie; Chen, Yen-Chung; Troutwine, Benjamin; Zeitlinger, Julia; Ozel, Mehmet Neset","bioRxiv : the preprint server for biology","2026-09-24","https://pubmed.ncbi.nlm.nih.gov/42779769/","A central question in neurobiology is how the transient programs that pattern neural progenitors are translated into the enormous, stable diversity of neuronal types. Spatial and temporal cues act only briefly, yet each neuron's identity is defined and maintained for life by terminal selector transcription factors (TFs). How a neuron's developmental origin is read out into a particular selector code remains poorly understood. Some current models propose that spatial and temporal origins are inherited independently through separate selectors. We show instead that, in the Drosophila optic lobe, the same selector can be activated by different patterning axes through physically distinct enhancers, even within the same lineage. Visual system homeobox (Vsx1) spatially patterns a central neuroepithelial domain and later acts as a terminal selector in dozens of neuronal types, most originating exclusively from that domain. However, in Dm2 neurons that are produced from every domain, it is regulated not by neuroepithelial Vsx1 but by the neuroblast temporal TF BarH1, through an enhancer distinct from its domain-specific ones. Combining in vivo reporters with sequence-to-accessibility deep-learning models, we identify and disrupt the key binding sites in this enhancer, impairing its Dm2-specific activity. Reciprocally, the temporal TF Homeobrain (Hbn) acts as a terminal selector in the related neuron Mi21 independently of its neuroblast temporal window: its expression in these late-born neurons is instead placed under dorsoventral spatial control. Patterning inputs therefore need not be partitioned across separate selectors but converge combinatorially on the modular enhancers of shared ones, revealing a cis-regulatory logic that re-encodes this limited set of inputs into vast neuronal diversity."
"pubmed","42779690","10.64898/2026.09.16.752024","A superfamily 1 helicase translocates on double-stranded DNA.","Pangeni, Sushil; Nakara, Amatullah Mustafa; Yang, Olivia; Rashid, Fahad; Berger, James M; Ha, Taekjip","bioRxiv : the preprint server for biology","2026-09-24","https://pubmed.ncbi.nlm.nih.gov/42779690/","Replicative and accessory helicases are essential for maintaining genome integrity during DNA replication and repair. Rep helicase belongs to superfamily 1 (SF1), the first helicase family solved at atomic resolution and a longstanding model for how helicases couple ATP hydrolysis to movement on DNA. Using optical tweezers combined with fluorescence imaging, we characterize how Rep translocates and navigates diverse nucleic acid and protein obstacles. We directly observe highly processive translocation on ssDNA ( approximately 300 nt/s over >13,000 nt) and show that this directional movement can drive single-stranded DNA-binding proteins (bacterial SSB, archaeal SSB, and eukaryotic RPA) along ssDNA without slowing. On encountering a short duplex barrier (</=60 bp), either a DNA duplex or an RNA/DNA hybrid, Rep frequently bypasses it, with termination and unwinding also observed. Unexpectedly, we identify a mode in which Rep transitions from ssDNA onto dsDNA and translocates directionally along the duplex with high processivity(>12,000bp) and at a much higher speed than on ssDNA ( approximately 1100 bp/s). AlphaFold3 modeling is consistent with Rep tracking a single strand while keeping the duplex intact. To our knowledge, this is the first demonstration of processive dsDNA translocation by an SF1 helicase, and it broadens models for how translocases operate on DNA during replication and repair."
"pubmed","42779115","10.1016/j.xplc.2026.102118","PURE: An interpretable framework for prioritizing candidate regulators of differential gene expression in plants.","Li, Chuanshun; Yang, Leyi; Lin, Kande; Liu, Xiaojian; Long, Zhengbiao; Deng, Qilin; Zhang, You; Li, Yangmeihui; Zhong, Dating; Ma, Chao; Lu, Yuming; Pan, Xiaoyong; Tu, Xiaoyu","Plant communications","2026-09-24","https://pubmed.ncbi.nlm.nih.gov/42779115/","While transcriptomic profiling has become routine, identifying the TFs underlying these expression patterns remains a major challenge, particularly for crops and non-model species lacking efficient transformation systems. To connect expression correlations with candidate regulatory mechanisms, we developed PURE (Plant Unified Regulation Explorer), an interpretable platform that ranks candidate TFs by integrating co-expression patterns with sequence motifs and experimental binding evidence. PURE uses gradient boosting to handle sparse and imbalanced plant regulatory matrices and then applies SHAP feature attribution to convert model behavior into TF-level contribution scores. By integrating ChIP-seq and DAP-seq resources from Arabidopsis, maize, rice, and tomato, PURE projects these reference binding profiles through cross-species relationships to constrain the search space in target species. Benchmarking across 11 species spanning the green lineage showed that PURE feature matrices captured expression contrasts associated with abiotic stress, developmental trajectories, and cell-type specificity, and downstream evidence-filtered attribution scores prioritized TF candidates supported by the integrated regulatory evidence. PURE further supported analyses of the transcriptional plasticity of maize C(4) photosynthesis, the conserved photosystem response across lineages, and the hierarchical metabolic architecture of tomato fruit ripening. As a discovery-oriented test, PURE prioritized the less-characterized tomato light-dark TF SlDOF3, and integrated SlDOF3 ChIP-seq and RNA-seq analyses supported binding and associated expression changes at predicted pathway loci. PURE is accessible as a web resource (https://plantencodedb.sjtu.edu.cn/pure/), enabling experimental biologists to prioritize candidate TFs for downstream experimental analysis."
"pubmed","42778355","10.1248/bpb.b26-00273","Saikosaponin D Ameliorates Non-alcoholic Steatohepatitis by Inhibiting STING-Mediated Macrophage M1 Polarization in Mice.","Zhang, Wenjie; Yin, Yao; Cheng, Siqi; Li, Caixia; Cui, Lihua; Chen, Ming","Biological & pharmaceutical bulletin","2026-09-23","https://pubmed.ncbi.nlm.nih.gov/42778355/","Non‑alcoholic steatohepatitis (NASH) is characterized by hepatic steatosis, inflammation, and fibrosis, yet therapeutic options remain limited. Aberrant activation of stimulator of interferon genes (STING) signaling in macrophages drives hepatic inflammation. Saikosaponin D (SSd), a bioactive triterpenoid saponin from Bupleurum falcatum, exhibits hepatoprotective properties, but its role in modulating STING-mediated macrophage polarization in NASH remains unknown. A NASH mouse model was established in C57BL/6J mice by feeding a methionine-choline-deficient (MCD) diet for 4 weeks, followed by 8 weeks of the MCD diet combined with SSd (10 mg/kg, oral gavage), polyene phosphatidylcholine (177.8 mg/kg, oral gavage), or the STING inhibitor C-176 (15 mg/kg, intraperitoneally). Hepatic injury, inflammation, and fibrosis were assessed by serum biochemistry, enzyme-linked immunosorbent assay, hematoxylin-eosin and Masson staining. Macrophage polarization status was analyzed by flow cytometry, qRT-PCR, and immunofluorescence, while STING pathway activation was quantified by qRT-PCR and Western blot. Molecular docking was performed using AutoDock Vina. SSd significantly attenuated MCD-induced hepatic steatosis, inflammation (reduced tumor necrosis factor-alpha and interleukin-6), and fibrosis. SSd decreased the proportion of hepatic M1 macrophages (F4/80(+)CD86(+)) while increasing M2 macrophages (F4/80(+)CD206(+)), alongside diminished colocalization between STING and F4/80. SSd markedly suppressed the expression and phosphorylation of STING, TBK1, IRF3, and nuclear factor-kappaB (NF-kappaB) at both the mRNA and protein levels, with efficacy comparable to that of C-176. Molecular docking revealed a strong binding affinity between SSd and STING (-9.9 kcal/mol). Collectively, SSd ameliorates NASH by inhibiting the STING-TBK1-IRF3/NF-kappaB axis in macrophages and promoting M1-to-M2 polarization, identifying SSd as a promising immunomodulatory therapy for NASH."
"pubmed","42778074","10.1016/j.plantsci.2026.113465","Molecular mechanisms of WRKY transcription factors integrating environmental signals to regulate flowering time in brassica crops.","Raihan, Madeeha; Younas, Itezaz; Su, Shuowei; Xu, Ling","Plant science : an international journal of experimental plant biology","2026-09-23","https://pubmed.ncbi.nlm.nih.gov/42778074/","Flowering time is a critical developmental process that directly influences reproductive success, environmental adaptation, and agricultural productivity in Brassica crops. Recent climate instability, including drought, temperature fluctuations, salinity, and irregular photoperiods, has intensified the need to understand the molecular mechanisms regulating flowering adaptation. WRKY transcription factors are key integrators of flowering time. They connect environmental cues, hormone networks, and circadian rhythms to floral regulator genes. This review summarizes the structural, evolutionary, and functional characteristics of WRKY transcription factors involved in flowering regulation in Brassica species. Current evidence indicates that WRKY transcription factors contribute to flowering-time regulation through direct or indirect modulation of floral regulators, including FT, SOC1, and LFY. However, much of the mechanistic evidence originates from Arabidopsis, and the direct regulatory relationships between WRKY proteins and major flowering genes, particularly FLC, remain insufficiently characterized in Brassica species. Transcriptomics, epigenomics, proteomics, single-cell sequencing, and CRISPR/Cas genome editing further reveal that WRKY proteins participate in regulatory networks associated with photoperiodic signalling, vernalization, gibberellin pathways, stress-responsive flowering, and hormonal crosstalk. Comparative genomics demonstrates substantial expansion of WRKY gene families through genome triplication and polyploidization. However, limited functional validation and incomplete regulatory network mapping remain major challenges. Integrating multi-omics, artificial intelligence-assisted systems biology, genomic selection, and precision genome editing will accelerate development of climate-resilient, early-maturing Brassica cultivars."
"pubmed","42769416","10.32604/or.2026.084576","Honokiol Suppresses Stemness and Sensitizes Triple-Negative Breast Cancer to Chemotherapy via YAP/TAZ-TEAD Inhibition.","Xia, Jiang-Nan; Zhu, Shan-Dong; Qu, Wei-Ling; Hu, Yi-Lin; Ma, Wen-Yi; Wang, Wenyan; Huang, Qian-Lan; Lin, Bing-Yuan; Guo, Jia-En; Li, Ying-Wei","Oncology research","2026-09-22","https://pubmed.ncbi.nlm.nih.gov/42769416/","Objectives: As an aggressive subtype of breast cancer, triple-negative breast cancer (TNBC) is constrained by the limited availability of effective treatments and the absence of well-validated therapeutic targets. This study aimed to explore whether honokiol, a potent YAP/TAZ inhibitor, suppresses stem cell-like properties and enhances chemotherapeutic efficacy in TNBC by blocking YAP/TAZ-TEAD transcriptional complex. Methods: Through both in vitro and in vivo models of TNBC, the current study examined how honokiol influences cell proliferation, cancer stem cell (CSC) traits, and paclitaxel sensitivity. To uncover the molecular mechanisms, we analyzed the transcript levels and protein abundance of core YAP/TAZ-TEAD pathway members, including YAP, TAZ, TEADs, ANKRD1, and CYR61. Furthermore, we conducted immunofluorescence staining to examine the nuclear localization of YAP/TAZ. Potential direct interactions were identified using molecular docking, which also predicted the binding affinity between honokiol and the TAZ-TEAD complex. Results: Honokiol markedly suppressed the viability and stemness of TNBC cells. It also improved the antitumor efficacy of paclitaxel in both TNBC cells and xenograft models. Mechanistically, honokiol may directly target the TAZ-TEAD complex, as indicated by molecular docking analysis. This interaction led to decreased YAP/TAZ protein levels and blockade of their nuclear accumulation, thereby suppressing the downstream transcriptional targets ANKRD1 and CYR61 in TNBC cells. Conclusion: Collectively, our findings suggest that honokiol is a promising therapeutic agent against TNBC, acting at least in part by suppressing the transcriptional activity of the YAP/TAZ-TEAD complex, thus attenuating cancer stemness and overcoming chemoresistance. These findings highlight honokiol's translational potential."
"pubmed","42768853","10.1002/ardp.70339","Assessment of the Targeted Therapeutic Potential of Naringenin-Benzyl Piperazine Derivatives on Hypoxia-Induced JAK/STAT Pathway in Breast and Ovarian Cancers.","Ozcan, Hafize; Doganlar, Oguzhan; Doganlar, Zeynep Banu; Yilmaz, Aysen Suekinci; Zaim, Omer","Archiv der Pharmazie","2026-09-22","https://pubmed.ncbi.nlm.nih.gov/42768853/","Naringenin, a prominent member of the flavanone family of polyphenols, is widely distributed in cherries, tomatoes, and citrus fruits, such as grapefruits, as well as in medicinal plants. In vitro and in vivo investigations have shown that naringenin, naringenin-loaded nanoparticles, and its derivatives, whether administered singularly or in conjunction with other anticancer agents, can effectively counteract carcinogenic agents and inhibit the advancement of various malignancies, including colon cancer, lung neoplasms, ovarian cancer, and breast cancer. In this study, the effects of naringenin-benzylpiperazines (3b, 3f, and 3g) were investigated on breast ductal carcinoma MCF7 (ER-alpha+), human breast adenocarcinoma SK-Br, human triple-negative breast metastatic adenocarcinoma MDA-MB-231, ovarian cancer NIH-OVCAR-3, and human ovarian cancer SKOV-3 cells. The IC(50) values of 3b, 3f, and 3g were found to be between 31.39 and 73.60 microM, 29.11 and 86.91 microM, and 23.53 and 88.63 microM, respectively. The data obtained indicate that compound 3f may be a molecule with the potential to trigger mitochondrial apoptosis in cancer cell lines in a dose-dependent manner by modulating hypoxia, angiogenesis, and JAK/STAT signaling pathways. In addition, the potential therapeutic value of the compound and its interaction mechanisms with molecular targets have been investigated through theoretical (in silico) calculations."
"pubmed","42766563","10.1371/journal.pone.0357971","Single-cell RNA-seq and machine learning identify HMGN2 as a lactylation-associated hub gene in heart failure.","Xu, Anzhen; Li, Yanbo; Gong, Qing; Sun, Hanrui; Shi, Jiayu; Li, Jingyu; Gu, Pengyang; Shi, Jixu; Li, Xiang; Lu, Qi","PloS one","2026-09-21","https://pubmed.ncbi.nlm.nih.gov/42766563/","Heart failure (HF) is a diverse condition characterized by dysregulated lactate metabolism and histone lactylation, which may contribute to maladaptive cardiac remodeling. However, the cell type-specific mechanisms underlying these processes remain poorly understood. To address this gap, we integrated single-cell RNA sequencing (scRNA-seq) data from human failing and non-failing control hearts and assessed lactylation activity across identified cell types using multiple gene set scoring methods. Uniform manifold approximation and projection (UMAP) analysis revealed that fibroblasts and smooth muscle cells (SMC) exhibited the highest lactylation signature scores, with overall lactylation activity considerably higher in HF compared to controls. Seven potential lactylation-related genes (LRGs) were found using machine learning algorithms, including Boruta, Random Forest, LASSO, and XGBoost. Among these, HMGN2, NUCKS1, and VIM were significantly upregulated in HF, with HMGN2 demonstrating the highest consistency across datasets as a reliable biomarker. Gene set enrichment analysis (GSEA) and transcription factor-miRNA (TF-miRNA) regulatory network analysis connected HMGN2 to immune-inflammatory signaling pathways and protein homeostasis dysregulation. Pseudotime trajectory and intercellular interaction analyses further indicated a progressive rise in lactylation scores and HMGN2 expression along fibroblast and smooth muscle cell differentiation paths, suggesting potential crosstalk with immune cells. In vivo validation using a mouse model of pressure overload-induced HF confirmed cardiac hypertrophy and fibrosis, accompanied by increased HMGN2 expression. These results indicate that lactylation activity is selectively enhanced in HF and identify HMGN2 as a candidate hub gene associated with HF progression. This integrative multi-omics study provides the first cell-type-resolved map of lactylation in HF and highlights HMGN2 as a promising therapeutic target."
"pubmed","42765733","10.1093/jpp/rgag105","Integrating network pharmacology and experimental validation to uncover the mechanisms of Ganoderma lucidum in ameliorating neuroinflammation in Alzheimer's disease.","Sheng, Feiya; Yu, Jia-Mei; Yang, Qiao; Jipei, Rigu; Xie, Wen-Qi; Zhan, Gu; Zhang, Yan; Zhang, Le-Le","The Journal of pharmacy and pharmacology","2026-09-21","https://pubmed.ncbi.nlm.nih.gov/42765733/","OBJECTIVES: This study aimed to explore the anti-neuroinflammatory mechanism of Ganoderma lucidum against Alzheimer's disease (AD) using network pharmacology and molecular docking, and verify its neuroprotective and anti-neuroinflammatory effects in Abeta1-42-induced AD mice. METHODS: Common targets were screened and analyzed by KEGG/GO enrichment. Core targets were evaluated by molecular docking and dynamics simulation. Abeta1-42-induced AD mice and LPS-stimulated macrophages were used. Cognitive function, Abeta deposition, tau phosphorylation, and inflammatory gene expression were measured. KEY FINDINGS: Network analysis highlighted inflammation-related pathways. Molecular dynamics simulations confirmed stable binding between active components and targets like STAT1, STAT3, JAK2, and TNF. In vivo, G. lucidum extract suppressed abnormal activation of microglia and astrocytes, and reduced pro-inflammatory factors. Following G. lucidum administration, mRNA levels of Jak2 and Stat1 in hippocampal tissue were significantly reduced, suggesting potential regulation of neuroinflammation via the JAK2/STAT1 pathway. Concurrently, G. lucidum down-regulated transcription of key subunits (Ncstn, Aph-1, Pen-2) in the gamma-secretase complex, thereby reducing Abeta1-42 production. In vitro experiments similarly confirmed G. lucidum's ability to inhibit LPS-induced IL-6 and TNF-alpha release from macrophages. CONCLUSIONS: Ganoderma lucidum extract alleviates neuroinflammation in AD models, providing experimental evidence for its potential application in AD prevention or therapy."
"pubmed","42765067","10.1016/j.bbrep.2026.102785","Transcriptomic trajectory of hepatocyte ballooning reveals a lipotoxic point of no return and initiates oncogenic regulatory rewiring in MASLD.","Ganguly, Debopriyo; Mondal, Bandana; Das, Subhas; Dey, Indrashish; Mandal, Ayan; Ghosh, Trinath; Deo, Monalisha; Ahmed, Misba; Banerjee, Soma; Chatterjee, Ankita; Basu, Priyadarshi","Biochemistry and biophysics reports","2026-09-21","https://pubmed.ncbi.nlm.nih.gov/42765067/","BACKGROUND: Hepatocyte ballooning is a defining histological marker of progressive steatohepatitis, but its molecular basis remains poorly defined. OBJECTIVE: To identify a molecular signature and mechanistic trajectory underlying hepatocyte ballooning across the MASLD-to-hepatocellular carcinoma spectrum. METHODS: Liver microarray data from 43 patients stratified by histological ballooning score were combined with machine-learning feature selection and publicly available single-nucleus RNA sequencing data (87,244 hepatocyte nuclei) to derive a gene signature, tested in an independent bulk transcriptomic cohort (GSE130970, n = 75); pseudotime, transcription-factor regulon and cell-cell communication analyses characterised the underlying biology, with in vitro validation in palmitic acid-treated Huh7 cells and prognostic testing in 510 TCGA-LIHC patients. RESULTS: An eight-gene signature (SPP1, MFSD2A, PRAP1, ANXA2, KRT8, MACROH2A2 (H2AFY2), JUN and FABP4) characterised ballooned hepatocytes and discriminated moderate-to-severe from absent ballooning with an AUC of 0.768 (95% CI 0.654-0.883). Six of these genes formed a Hepatocyte Ballooning-Hepatocyte injury (HBHi) score that was highest in nuclei from cirrhotic (F4) liver. Pseudotime analysis resolved a four-stage molecular collapse culminating at pseudotime  approximately  25, marked by loss of the chromatin stabiliser MACROH2A2, co-induction of KRT8 and SPP1, and replacement of the HNF4A/PPARA-driven programme by the stress factors JUN, ATF3 and EGR1. Ballooned hepatocytes transmitted pro-fibrogenic signals to stellate cells and macrophages via FN1-CD44 and FN1-(ITGAV + ITGB1) axes; high KRT8, JUN and SPP1 expression was each associated with poorer survival in hepatocellular carcinoma. CONCLUSIONS: Hepatocyte ballooning is a transcriptionally active, stepwise process with a lipotoxic point of no return and prognostic relevance extending to hepatocellular carcinoma."
"pubmed","42764870","10.30476/ijms.2026.109449.4477","Mulberrofuran G Induces Apoptosis and Cell Cycle Arrest Through Suppression of the JAK2/STAT3 Pathway by Direct JAK2 Inhibition and Reactive Oxygen Species Induction in the NCI-H460 Cell Line.","Li, Zhong-Rui; Zheng, Yu; Han, Chao; Wang, Lei","Iranian journal of medical sciences","2026-09-21","https://pubmed.ncbi.nlm.nih.gov/42764870/","BACKGROUND: Large cell lung carcinoma (LCLC) is an aggressive non-small cell lung cancer subtype. Mulberrofuran G (MG) from Morus alba L. possesses pharmacological properties, but its anticancer mechanisms in LCLC remain unexplored. This study aimed to validate the antitumor activity of MG against NCI-H460 cells and elucidate its dual mechanism involving Janus kinase 2 (JAK2) inhibition and reactive oxygen species (ROS) induction. METHODS: This study was conducted at the Nanjing University of Chinese Medicine and China Pharmaceutical University, Nanjing, China, from 2023 to 2025. Cell viability was assessed via 3-(4,5-dimethylthiazol-2-yl)-2,5-diphenyltetrazolium bromide (MTT). Flow cytometry using annexin V-fluorescein isothiocyanate (FITC)/propidium iodide (PI), 2',7'-dichlorodihydrofluorescein diacetate (DCFH-DA), and 5,5',6,6'-tetrachloro-1,1',3,3'-tetraethylbenzimidazolylcarbocyanine iodide (JC-1) measured apoptosis, cell cycle, ROS, and mitochondrial membrane potential (MMP). Western blot analyzed p21, cyclin B1, caspases3/7/9, cleaved caspases3/7/9, poly(ADP-ribose) polymerase (PARP), cleaved PARP, JAK2, p-JAK2, signal transducer and activator of transcription 3 (STAT3) and p-STAT3. Interactions were confirmed via docking, cellular thermal shift assay, and ADP-Glo. In vivo efficacy was evaluated in zebrafish. Data analysis was performed using GraphPad Prism 8.0. Statistical significance was determined using Student's t test or one-way/two-way ANOVA followed by Tukey's post hoc test (P<0.05). RESULTS: MG suppressed proliferation (IC(50)=9.90 muM), induced G2/M arrest, and triggered mitochondrial apoptosis. MG inhibited JAK2/STAT3 via direct kinase inhibition (IC(50)=17.17 muM) and ROS-mediated suppression. N-acetylcysteine (NAC) reversed these effects. Zebrafish tumor growth decreased by 19.7% (P<0.05). CONCLUSION: MG exerts anticancer effects against LCLC by inducing ROS accumulation and dual suppression of the JAK2/STAT3 pathway, highlighting its potential as a therapeutic candidate."
"pubmed","42764560","10.2174/0118715206479957260820094548","Bridging Oxidative Defense and DNA Disruption: Methyl Piperazine Metal Complexes as Multifunctional Therapeutics.","Narayanan, Vigneswari Sankara; Dhawa, Sowen; Anikumari, Parvathy; Sukumaran, Amritha; Rajendran, Jeya; Carradori, Simone; Ramani, Prasanna","Anti-cancer agents in medicinal chemistry","2026-09-21","https://pubmed.ncbi.nlm.nih.gov/42764560/","INTRODUCTION: Novel Co(II), Cu(II), and Zn(II) complexes of Schiff base ligand with N2O2 donor sites were synthesized from 5-((4-methylpyrazin-1(4)-yl)methyl)isophthalaldehyde and subsequently condensed with Phenylpropanolamine (PPA). MATERIALS AND METHODS: FT-IR, UV-Visible, NMR (1H), and mass spectrometry established the structure of synthesized compounds. In addition, susceptibility, thermal analysis, powder XRD, and cyclic voltammetry were also performed. The interaction between the final compounds and CT-DNA was investigated using UV-visible absorption spectroscopy. In addition, cytotoxic studies were performed in the HeLa cell line using the MTT assay. RESULTS: The Co(II) complex demonstrated a high-spin octahedral geometry with a [ML(H2O)2] stoichiometry, whereas the Cu(II) and Zn(II) complexes (6a and 6b) were found to have square-planar geometries with a (ML) stoichiometry. Agarose gel electrophoresis demonstrated that the Cu(II) complex (6c) effectively hydrolyzed and cleaved CT-DNA and also showed enhanced free-radical scavenging ability compared to the standard, ascorbic acid. The Cu(II) complex displayed superior potency in inhibiting the proliferation of the HeLa cancer cell line (IC50: 6.12 mug/mL) relative to the standard drug cisplatin. DISCUSSION: Compound 6b showed higher cytotoxic efficiency than the complexes, which subsequently increased the lipophilic character and favored its permeation through the lipid surface of the cell, aiding in inhibiting cell growth easily. The results of cytotoxicity experiments also matched well with the order of CT-DNA binding affinities: 6b > 6a > 6c. CONCLUSION: The current work demonstrates the bioactivity of the Cu(II) complex (6b) as a potential therapeutic agent."
"biorxiv","10.64898/2026.09.23.753179","10.64898/2026.09.23.753179","A comprehensive Arabidopsis transcription factor binding atlas reveals pervasive positional and syntactic organization of their DNA binding","Alice JEGOU; Jérémy LUCAS; Marianne DREUILLET; François PARCY; Romain BLANC-MATHIEU","bioRxiv","2026-09-24","https://www.biorxiv.org/content/10.64898/2026.09.23.753179","Transcription factor (TF) binding underlies gene regulation, yet the determinants of TF-DNA interactions across plant genomes remain incompletely understood. Here, we present a comprehensive atlas of TF binding in Arabidopsis thaliana , generated by reanalyzing 1,157 publicly available ChIP-seq and DAP/ampDAP-seq datasets using a unified processing framework. After stringent curation, 681 high-quality experiments were retained, providing binding information for 425 TFs across 42 families and 23 structural classes. Using this resource, we show that TF binding predictability varies widely across TFs, with family identity explaining substantially more variation in predictive performance than structural class. Among the tested TF binding site (TFBS) prediction models, deep learning approaches achieved the highest overall predictive accuracy, while classical position weight matrices remained competitive and readily interpretable. Beyond motif recognition, we uncover widespread organizational principles of TF binding. TFBS positioning relative to transcription start sites is strongly family-dependent and more concentrated near promoters in vivo . Moreover, preferred spacing between homotypic TFBS is pervasive across TF families, indicating that binding-site syntax is a general organizational feature of TF binding in plants. Comparison of in vivo and in vitro binding profiles further identifies a shared core of sequence-driven binding alongside in vivo -enriched sites associated with non-canonical or composite sequence features. Together, these results highlight the interplay between intrinsic DNA recognition, higher-order binding syntax, and cellular context in shaping TF binding landscapes, while providing a broadly useful resource for the plant community."
"biorxiv","10.64898/2026.09.17.751511","10.64898/2026.09.17.751511","SurfGraphPro: Integrating Protein Language Models with Geometric Deep Learning On Coarse Protein Surfaces for Binding Site Prediction","Adela Habib; Li-Wei Hung; Kaetlyn Gibson; Martha Dix; Patrick Sum Guy Chain; Bin Hu","bioRxiv","2026-09-24","https://www.biorxiv.org/content/10.64898/2026.09.17.751511","Accurate and fast prediction of protein binding sites remains essential for understanding molecular interactions and facilitating protein engineering. Here, we present SurfGraphPro, a geometric deep learning approach that bridges protein language models with surface-based structural representations for a rapid binding interface prediction. Our method operates on coarse-graphed triangulated protein surfaces, utilizing solvent-excluded surface meshes downsampled into amino acid residue centered patches. Unlike existing approaches that rely on extensive physicochemical feature engineering, we leverage evolutionary information directly from protein language model embeddings, eliminating the need for computationally expensive multiple sequence alignments and hand-crafted features. This integration achieves on average $\sim18-28 \times$ speedup for proteins of $\sim$100 to a few 1000s of amino acids over current state-of-the-art surface-based model while maintaining comparable accuracy on diverse binding interfaces, including challenging antibody-antigen complexes. To our knowledge, this represents the first approach to integrate protein language model embeddings with coarse geometric surface representations for binding site prediction, demonstrating that learned evolutionary features coupled with geometric transformers can replace traditional feature engineering without sacrificing performance."
"biorxiv","10.64898/2026.09.23.753698","10.64898/2026.09.23.753698","Seven amino acids gate transcriptional activation by a minimal MarA Helix turn-helix DNA-binding domain","Marina Corbella; Ariadna Serrano; Roberto Bello-Madruga; Marc Torrent; Ivan Erill; Jessica M.A. Blair; Enea Sancho-Vaello","bioRxiv","2026-09-24","https://www.biorxiv.org/content/10.64898/2026.09.23.753698","Prokaryotic transcription factors (TFs) lie at the core of antimicrobial resistance, controlling genes that let bacteria survive antibiotic exposure. The AraC/XylS family of TFs is defined by a ~99-residue DNA-binding domain composed of two helix-turn-helix (HTH) motifs. While this two-motif architecture is considered the minimal functional unit, the striking sequence and structural similarity between both HTH motifs raises the question of whether it evolved from a single ancestral HTH domain. Here, we designed two C-terminal truncations of MarA, comprising a single HTH motif, differing by seven-residues (IRSRKMT). Electrophoretic-mobility shift assays reveal that both constructs specifically bind the marbox sequence as reconstituted dimers, while size-exclusion chromatography shows they exist in a monomer-dimer equilibrium in solution. Despite retaining DNA-binding capacity, the truncations diverge functionally: while MarA64 (including IRSRKMT) activates transcription and confers regular erythromycin tolerance, MarA57 (lacking IRSRKMT) yields a transcriptionally inactive complex that suppresses reporter expression below baseline, suggesting competitive promoter occupancy. Molecular dynamics simulations and AlphaFold models suggest that the IRSRKMT extension forms an α-helical element stabilizing a transcriptionally productive dimer interface. Conversely, its loss disrupts quaternary assembly, alters DNA bending, and misaligns RNA polymerase-contacting residues. Furthermore, free dimers explore non-productive conformations, suggesting that functional dimerization occurs upon DNA engagement. These findings establish that a single, correctly dimerized HTH domain is sufficient for both DNA binding and transcriptional activation, providing a structural rationale for short AraC/XylS-like proteins and offering a tuneable scaffold for synthetic biology and novel anti-virulence strategies."
"biorxiv","10.64898/2026.09.17.752433","10.64898/2026.09.17.752433","Leakage-controlled benchmarking reveals generalization limits of deep learning for protein–ligand binding affinity prediction","Lyuwei Wang; Jianlin Cheng","bioRxiv","2026-09-23","https://www.biorxiv.org/content/10.64898/2026.09.17.752433","To address widespread data leakage and inconsistent evaluation in protein–ligand affinity prediction, we introduce PLABench, a leakage-controlled and target-centric benchmarking framework that enables standardized comparison across sequence- and structure-based models. We benchmark nine deep learning methods across blind CASP16 targets, leakage-controlled ChEMBL35 sets, and established Davis and KIBA datasets under rigorous data split settings, standardizing structural input via AlphaFold3 to ensure fair comparison. Although pretrained structure-based models achieve the highest overall accuracy, they show severe target-dependent variability, and increasing structural fidelity from predicted to experimental conformations yields no consistent gains. Meanwhile, sequence-based approaches surpass some structure-based methods on select targets, and protein family-level evaluations reveal uneven performance across families and substantial inter-model complementarity obscured by aggregate metrics. These findings demonstrate that training scale and structural input alone cannot guarantee cross-target generalization, highlighting the need for context-aware interaction modeling. PLABench provides an extensible open-source platform to facilitate these developments."
"biorxiv","10.64898/2026.09.18.752707","10.64898/2026.09.18.752707","A Context-Aware 14-3-3 Binding Predictor Enabled by Data Augmentation, Multi-Scale Biological Features, and Protein Language Model Embeddings","Liu Liu; Zhong Wang; Xiaoqiang Huang","bioRxiv","2026-09-24","https://www.biorxiv.org/content/10.64898/2026.09.18.752707","Identifying phosphorylated serine/threonine residues that mediate 14-3-3 interactions remain a major challenge in understanding phospho-dependent 14-3-3 regulation. Existing predictors largely rely on local sequence features surrounding candidate phosphosites, owing in part to the limited number of experimentally validated 14-3-3 binding sites, while broader contextual determinants of binding remain insufficiently explored. Here, we show that 14-3-3 binding sites are defined not only by local motif patterns but also by multi-scale biological context. We found that 14-3-3-binding proteins are enriched for condensation-related properties, that 14-3-3 docking sites preferentially localize to compact intrinsically disordered regions, and that protein language model embeddings provide informative representations for this task. To address both limited data availability and incomplete site representation, we developed CAMP-14-3-3 (Context-Aware Multi-scale Predictor for 14-3-3 binding), a framework that integrates multi- scale biological features with protein language model embeddings, together with a phylogeny-based data augmentation strategy and distribution-matched negative sampling. This integrated framework outperformed motif-based approaches and existing predictors on independent data. Our results support a context-aware view of 14-3-3 recognition and provide a general strategy for modeling phospho-dependent protein interactions under limited-data conditions."
"biorxiv","10.64898/2026.09.14.751594","10.64898/2026.09.14.751594","SMCHD1’s DNA binding activity enables its stable retention on chromatin","Ruifeng Hu; Julissa Sanchez-Velasquez; Jieqiong Lou; Kelsey Breslin; Tamara Cameron; Ashleigh N. Solano; Iromi Wickramasinghe; Quentin Gouil; Andrew Kueh; Tracy Willson; Andrew Keniry; Niall D. Geoghegan; Elizabeth Hinde; Marnie Blewitt","bioRxiv","2026-09-20","https://www.biorxiv.org/content/10.64898/2026.09.14.751594","Chromatin proteins play critical roles in gene regulation, yet frequently we do not fully understand how weak DNA binding affinity of such proteins contributes to their locus-specific actions. Here, we studied SMCHD1, a non-canonical SMC-family protein involved in three-dimensional genome organization and gene repression of the inactive X chromosome and its autosomal targets. We replaced endogenous SMCHD1 with GFP-tagged wild-type or hinge-domain DNA-binding mutant SMCHD1 to define the cellular role of DNA binding. The mutant showed reduced enrichment at the inactive X chromosome in female cells, while retaining stable binding at most autosomal binding sites. Impaired DNA binding weakens SMCHD1-mediated gene repression and chromatin-state regulation, producing hypomorphic effect. Multiple live-cell imaging methods reveal that DNA binding constrains SMCHD1 mobility and supports maintenance, rather than initial recruitment, of chromatin-bound SMCHD1 both during interphase and mitosis. Thus, SMCHD1’s weak and sequence-independent DNA binding is a key determinant of its chromatin residence, localization and function. Our findings provide a framework for understanding SMCHD1 and other chromatin proteins with sequence-independent DNA binding activity."
"biorxiv","10.64898/2026.09.15.751749","10.64898/2026.09.15.751749","PREpiBind: Protein Representation-integrated Epitope–MHC Class II Binding Prediction","David Hyunyoo Jang; Dongwoo Kim; Byungho Park; Untaek Hwang; Yoonjoo Choi; Juyong Lee","bioRxiv","2026-09-21","https://www.biorxiv.org/content/10.64898/2026.09.15.751749","Accurate prediction of peptide–MHC class II (pMHC-II) binding remains challenging because of extensive MHC polymorphism and context-dependent peptide recognition, and it is unclear which protein representation best captures these determinants when the downstream model is held fixed. Here, we present PREpiBind, a pMHC-II prediction method based on a dual-stream, joint-attention framework that integrates MHC and epitope representations. We integrated ten protein representations spanning substitution-matrix, structure-prediction-derived, and protein language model (PLM) families and evaluated them under a common downstream architecture and identical splits across Qualitative, mass spectrometry (MS), and thresholded IC50 datasets. Overall, PREpiBind with PLM representations yielded higher performance than the evaluated reference methods in the Qualitative and MS datasets, whereas NetMHCIIpan-4.3 was higher on the thresholded IC50 datasets using its binding-affinity head. In pooled evaluations, PLM representations yielded the highest ROC-AUC values among the tested representations. ESM3 Large led the Qualitative dataset with an AUC value of 0.927 ± 0.002, and PLMs also led on the MS and thresholded IC50 datasets. This advantage remained, but narrowed in allele-wise and leave-one-molecule-out evaluations, where structure-prediction-derived Chai-1 was competitive with the leading PLM representations. Under cross-species H2-out transfer, PLMs led when all H2 rows were pooled, whereas Chai-1 led when the eight H2 molecules were weighted equally. The small H2 panel did not support a stable ordering among these leading representations. The results indicate that protein representation choice should depend on the intended prediction scenario rather than on a single global ranking. PREpiBind is an openly available pMHC-II prediction framework with modular and flexible protein representations."
"biorxiv","10.64898/2026.09.18.752645","10.64898/2026.09.18.752645","Boltz2-Notebook: An Interactive Google Colab Platform for Diffusion-Based Biomolecular Structure and Binding Affinity Prediction using the Boltz2 model.","Atharva Tilewale; Dhaval Patel","bioRxiv","2026-09-24","https://www.biorxiv.org/content/10.64898/2026.09.18.752645","Recent advances in deep learning-based structure prediction, including AlphaFold3 and the open-source Boltz model family, have extended biomolecular modeling to joint prediction of protein-ligand, protein-nucleic acid, and multi-chain complexes with binding-affinity estimation. Boltz-2 is among the most feature-complete of these open models, but its practical use requires a local CUDA-capable GPU, command-line execution, and manually authored YAML configuration files, limiting accessibility for researchers without dedicated computational infrastructure. We developed Boltz2-Notebook, a Colab-native interface comprising four integrated stages - automated environment setup, interactive parameter-to-YAML generation, execution management, and automated confidence and affinity visualization - together with a manifest-driven batch mode for multi-target screening. All modelling capabilities are inherited unmodified from Boltz-2; Boltz2-Notebook's contributions are limited to accessibility, input construction, and workflow automation. Independent of the software, we curated a benchmark of 317 protein-ligand pairs (122 proteins, 277 ligands) from BindingDB and predicted binding affinity in triplicate using the Boltz-2 command-line engine on high-performance computing infrastructure. Predicted and experimental pIC50 values showed moderate correlation (Pearson r = 0.609 [95% CI 0.540-0.675]; Spearman ρ = 0.625; R 2 = 0.371; MAE = 0.968 pIC50 units), with high triplicate reproducibility (pairwise r = 0.97) but a systematic compression of the predicted affinity range and no measurable relationship between Boltz-2's self-reported confidence metrics and prediction accuracy. Boltz2-Notebook is freely available as open-source software and provides external, reproducible evidence - including a specific confidence-calibration limitation - relevant to interpreting Boltz-2 affinity predictions responsibly."
"biorxiv","10.64898/2026.09.22.753215","10.64898/2026.09.22.753215","A Taxonomy-Informed Sparse DNA Foundation Model for Microbial Genomics","Athan Z. Li; Shiyuan Wang; Shupeng Cheng; Yuxuan Du; Ruishan Liu","bioRxiv","2026-09-24","https://www.biorxiv.org/content/10.64898/2026.09.22.753215","Microorganisms are indispensable to terrestrial ecosystems, with their genomic material underpinning critical functions and applications across agriculture, biotechnology, and human health. Although genomic language models have advanced representation learning in DNA sequences, the extensive diversity of microorganisms and imbalanced taxonomic representation in the pretraining corpora pose challenges for effective microbial genomic sequence modeling. Here we present MicroGlot, a taxonomy-informed microbial DNA foundation model pretrained on 3.70 million sequences comprising 378.3 billion nucleotides across 99{,}700 species. MicroGlot encodes the hierarchical relations among taxa through hyperbolic embeddings, incorporating microbial taxonomic knowledge into a sparse mixture-of-experts architecture. Zero-shot evaluation of MicroGlot's layer embeddings demonstrates that the model's representations encode phenotypic traits and taxonomic identity. Comparison with a taxonomy-ablated variant trained under the same pretraining scheme shows that incorporating taxonomic knowledge consistently improves representation quality across the layers of MicroGlot. MicroGlot also combines optimized training techniques with efficient architectural components from modern large language models, achieving leading zero-shot performance across layers and competitive fine-tuning performance with low computational overhead. In a 1000-species set sampled from major cellular domains and viral realms, MicroGlot's routing fingerprints show greater agreement with taxonomic groups than tetranucleotide composition, reflecting taxonomically structured expert routing in multilingual modeling of microbial genomes. Overall, we show that MicroGlot serves as an efficient and effective DNA foundation model for microbial genomic analysis."
"biorxiv","10.64898/2026.09.21.753159","10.64898/2026.09.21.753159","LOOP-TAG: massively-parallel measurement of length-dependent protein-mediated DNA looping probabilities by tagmentation in vitro","Naomi R Kennel; Nicole A Becker; Justin P Peters; Louis J Maher","bioRxiv","2026-09-24","https://www.biorxiv.org/content/10.64898/2026.09.21.753159","We are interested in DNA stiffness in vitro and in vivo. Classical approaches for measuring this parameter in vitro involve tedious T4 DNA ligase-mediated cyclization kinetics experiments performed for one DNA fragment length at a time to establish effective local end-end concentrations (J-factors). Protein-mediated DNA looping is a more relevant biological reaction. An efficient approach to determine length-dependent protein-mediated DNA J-loop values in vitro has been lacking. We describe LOOP-TAG, a massively-parallel method. We leverage intramolecular DNA looping and tagmentation catalyzed by Tn5 transposase (Tnp) tethered to the terminus of a ~1,000-bp bead-bound duplex DNA. We detected loops terminating with Tnp. Counts of the resulting DNA looping-dependent bead-bound tagmentation products from deep sequencing determine DNA loop length probabilities at single-base pair resolution for all bead-bound fragments. When normalized to DNA fragment length probabilities from tagmentation using known concentrations of free Tnp, length-dependent J-loop values are directly determined. We demonstrate LOOP-TAG for Tnp tethered in two ways and in the presence of DNA-kinking architectural DNA binding protein Nhp6A. Intermediate length J-loop values are consistent with expectations of wormlike chain theory after accounting for strong sequence-dependence of Tnp. DNA loops are shifted to smaller sizes in the presence of Nhp6A, as predicted."
"biorxiv","10.64898/2026.09.18.752607","10.64898/2026.09.18.752607","DeepSCENIC: transfer learning from sequence-to-function models enables causal gene regulatory network inference","Partel G; De Winter S; Konstantakos V; Blaauw CH; Aerts S","bioRxiv","2026-09-22","https://www.biorxiv.org/content/10.64898/2026.09.18.752607","Sequence-to-function (S2F) deep learning models have become an important aid to decipher the genomic cis- regulatory code. However, current S2F models do not take the cellular trans- environment of transcription factors (TF) into account. Conversely, methods for gene regulatory network (GRN) inference often rely on heuristics or simple position weight matrices (PWMs), without exploiting the combinatorial grammar of genomic enhancers. Here, we present DeepSCENIC, a deep learning framework that enables causal GRN inference by performing transfer learning from S2F models to single-cell multiome atlases. We first test and validate DeepSCENIC on ENCODE cell lines, demonstrating that the framework accurately predicts single-cell gene expression and chromatin accessibility by leveraging pretrained S2F models like Enformer and Borzoi. We show that DeepSCENIC recovers TF-region (TF-RE) interactions with high fidelity, and captures de novo TF binding motifs without prior PWM knowledge. The model improves enhancer-gene associations (RE-TG) over correlation-based baselines when benchmarked against large-scale CRISPRi screens. After training a DeepSCENIC model, it enables the prediction of perturbation effects during cell state changes by acting as a mechanistic simulator. In a melanoma cell line atlas, the model accurately recapitulates the transcriptional shift from melanocytic to mesenchymal states, and predicted knock-down effects show high concordance with experimental time series data. Finally, we use DeepSCENIC to identify mouse-human cortex conserved GRNs, finding high cross-species concordance in TF activity programs across matched neuronal subclasses and validating top-ranked enhancers against experimental reporter assays. By unifying S2F enhancer representations with single-cell multiomics, DeepSCENIC provides a new paradigm for jointly modeling and simulating cis- sequence and trans- cellular perturbations."
"arxiv","2609.28386v1","","Motif-Vocab: StatisticallyCalibrated Transcription-Factor-Identity Tokenization forGenomic Language Models","Liangyu Li; Michael White","","2026-09-23","https://arxiv.org/abs/2609.28386v1","Tokenization is a central design choice in genomic language models, yet most deoxyribonucleic acid (DNA) tokenizers use characters, fixed-length k-mers, or frequency-derived subwords without explicitly using prior information about the specificity of DNA-binding regulatory factors. We introduce Motif-Vocab, a biologically informed tokenizer that scans both DNA strands for statistically calibrated motif matches, emits transcription-factor (TF) identity tokens, and applies nucleotide, $k$-mer, or byte-pair encoding (BPE) to unmatched sequence. Motif-specific null distributions put position-weight matrices (PWMs) of different lengths and degeneracy on a common significance scale; deterministic overlap rules make the representation reproducible. In controlled Bidirectional Encoder Representations from Transformers (BERT) pretraining on two billion base pairs, real motif libraries outperform randomized-motif controls on 54 of 55 in-scope downstream tasks. On a motif-disjoint recognition task derived from DART-Eval Task 2, TF-specific tokens improve macro-F1 by 0.040 over a position-matched generic motif token and by 0.033 over a matched no-motif tokenizer (95\% bootstrap confidence interval: 0.027--0.038). Motif tokens also receive stronger attribution and produce larger occlusion effects than shuffled controls. Dense no-motif tokenizers remain strong general-purpose baselines, including a near-tie on the five-task BERT-base panel. Thus, Motif-Vocab is not a universal accuracy replacement; it is a targeted, interpretable inductive bias for motif-sensitive genomic modeling."
"chemrxiv","10.26434/chemrxiv.15009337/v1","10.26434/chemrxiv.15009337/v1","ProtMutMap: Predicting Protein Binding Free Energy Changes Using Multiple-Mutation Networks","Kairi Furui; Masahito Ohue","ChemRxiv","2026-09-23","https://doi.org/10.26434/chemrxiv.15009337/v1","Predicting changes in binding free energy ΔΔ G caused by multiple mutations at protein−protein interfaces requires accounting for nonadditive interactions between mutations, which an additive approximation based on single mutations cannot capture, and for the dependence on the computational pathway in stepwise approaches that introduce mutations sequentially. Here, we propose ProtMutMap, a method that integrates information from multiple pathways in a network whose nodes represent target variants and variants containing subsets of their mutations, and whose edges represent free energy perturbation (FEP) calculations for residue substitutions. ProtMutMap simultaneously estimates the binding ΔΔ G of each variant from all edge values using Huber loss. We compared ProtMutMap with the additive approximation and the stepwise method at 30 evaluation points, including intermediate variants, using a multiple-mutation dataset comprising 7 protein complex systems derived from SKEMPI2. ProtMutMap achieved a root mean squared error (RMSE) of 1.13 kcal/mol, lower than that of either comparison method. ProtMutMap also yielded lower prediction errors than Rosetta flex ddG. These comparisons with experimental values demonstrate that integrating multiple pathways through variants containing subsets of the target mutations improves binding ΔΔ G predictions for protein variants with multiple mutations."
"chemrxiv","10.26434/chemrxiv.15009259/v1","10.26434/chemrxiv.15009259/v1","EVALUATING MOLECULAR DYNAMICS FRAMES FOR BINDING AFFINITY PREDICTION AND VIRTUAL SCREENING","Jakub Poziemski; Pawel Siedlecki","ChemRxiv","2026-09-22","https://doi.org/10.26434/chemrxiv.15009259/v1","Motivation: Machine-learning scoring functions are typically trained on static crystallographic structures, although protein-ligand recognition is inherently dynamic. It remains unclear whether MD derived conformations provide transferable information or instead shift the training data away from experimentally observed binding geometries. Results: We generated 20 ns molecular dynamics trajectories for 2,502 protein–ligand complexes and evaluated five scoring function architectures trained on crystallographic structures and MD-derived frames using four different sampling protocols. Across the CASF-2016 and CASF-2013 affinity benchmarks, MD-only training generally reduced predictive performance, whereas augmenting crystallographic structures with MD data improved four of the five architectures. Averaged across models, benchmarks, and sampling protocols, augmentation increased PCC by 0.072 and reduced RMSE by 0.165 relative to MD-only training. A nearest-neighbor analysis showed that the benefits of augmen-tation were not restricted to complexes similar to frames, arguing against a simple similarity-based explanation. The results suggest improvements were connected with exposing models to controlled structural perturbations around experimentally observed binding poses. Overall, MD conformations were most effective as augmentation rather than replacement for crystallographic training data. Availability: MD frames used for model training are available at: (https://zenodo.org/ records/20443988)."
"chemrxiv","10.26434/chemrxiv.15009330/v1","10.26434/chemrxiv.15009330/v1","Integrative Physics and Machine Learning-Based Optimal Binding Pose Generator for Protein-Ligand Complexes","Agastya P Bhati; Jinyu Dong; Sean Black; Shunzhou Wan; Vineeth Gutta; Xibei Zhang; Mateusz Bieniek; Darren V. S. Green; Sunita Chandrasekaran; Eric Stahlberg; Peter V. Coveney","ChemRxiv","2026-09-23","https://doi.org/10.26434/chemrxiv.15009330/v1","Accurately identifying the optimal protein–ligand binding pose is crucial for reliable binding affinity prediction, as molecular dynamics–based approaches are highly sensitive to the initial structure. However, there is currently no efficient way to predict such poses. Indeed, we assess the capabilities of three proposed AI-based software solutions (AlphaFold3, Boltz and RoseTTAFold All-Atom) and demonstrate their substantial shortcomings in this context. Here, we present a combined physics-and machine-learning-based method that predicts optimal protein-ligand poses in their relaxed states, enabling rapid and cost-effective downstream estimation of binding affinities. We apply our approach to two targets, tankyrase 2 (TNKS2) and the 3C-like protease (3CLPro), using datasets of 10,000 molecules for each system. Evaluation on an external validation set of approximately 3,000 molecules demonstrates the method’s ability to generalize to previously unseen datasets, aligning with the practical needs of high-throughput drug discovery pipelines that iteratively evaluate new molecules. Our method substantially reduces the need for costly calculations by efficiently filtering out poses unlikely to yield favorable binding affinities upon relaxation."
