"source","id","doi","title","authors","journal","published_date","url","abstract"
"pubmed","42710863","10.1093/biostatistics/kxag029","transfactor: transcription factor activity estimation via probabilistic gene expression deconvolution.","Van den Berge, Koen; Bickel, Peter; Dudoit, Sandrine","Biostatistics (Oxford, England)","2026-09-08","https://pubmed.ncbi.nlm.nih.gov/42710863/","Gene expression is a primary modality being studied to differentiate between biological cells. Contemporary single-cell studies simultaneously measure genome-wide transcription levels for thousands of individual cells in a single experiment. While the characterization of cell population differences has often occurred through differential gene expression analysis, tiny effect sizes become statistically significant when thousands of cells are available for each population, compromising biological interpretation. Moreover, these large studies have spurred the development of methods to infer gene regulatory networks (GRNs) directly from the data, and GRN databases are becoming more comprehensive. In this work, we propose a statistical model for gene expression measures and an inference method that leverage GRNs to deconvolve transcription factor (TF) activity from gene expression, by probabilistically assigning mRNA molecules to TFs. This shifts the paradigm from investigating gene expression differences to regulatory differences at the level of TF activity, aiding interpretation and allowing prioritization of a limited number of TFs responsible for significant contributions to the observed gene expression differences. The inferred TF activities result in intuitive prioritization of TFs in terms of the (difference in) estimated number of molecules they produce, in contrast to other widely used methods relying on arbitrary enrichment scores. Our model allows the incorporation of prior information on the regulatory potential between each TF and target gene and is able to deal with both repressing and activating interactions. We compare our approach to other TF activity estimation methods using two simulation experiments and two case studies. Single-cell RNA-sequencing; TF activity; bioinformatics; GRN."
"pubmed","42710050","10.1093/plcell/koag263","Regulatory Network Unveils the Molecular Architecture Governing Seed Vigor in Watermelon (Citrullus lanatus).","Wu, Xinyi; Cheng, Mengxue; Li, Xuyang; Zhang, Chunyu; Zhou, Yingying; Bai, Bing","The Plant cell","2026-09-08","https://pubmed.ncbi.nlm.nih.gov/42710050/","Seed vigor, a determinant of agricultural productivity, diminishes during ageing but can be restored through priming. We integrated multi-omics approaches to dissect molecular mechanisms governing watermelon seed vigor under controlled deterioration and priming. Controlled deterioration (CD) progressively impaired germination speed (t50) and uniformity (AUC) before reducing maximum germination (Gmax), whereas priming reversed these effects even under ageing conditions. Transcriptome analyses revealed that ageing upregulated oxidative-stress genes (e.g., cytochrome c oxidase) and suppressed translation machinery. Priming activated stress-response pathways and ribosomal proteins through DOF/ERF-mediated transcriptional reprogramming via cis-element recognition, and molecular docking and yeast one-hybrid assays confirmed this interaction. Two biomarkers, Cla97C04G070560 (cytochrome c oxidase) and Cla97C03G062270 (ribosomal protein), were identified as quantitative predictors of germination decline. Machine-learning-based proteomic models and a regulatory network, SeedWatermelonNet (SWN), were constructed. These analyses uncovered hub genes (e.g., OHCU_decarbox, HSPs, LIM, NADPH-dependent aldehyde reductase 1, RPL32) coordinating uric acid metabolism, stress responses, energy metabolism, and translation. Experimental validation confirmed the regulatory roles of these candidates, including physical interactions mediating seed-vigor transduction cascades and their predicted function as direct regulators of seed vigor via SWN. Maternal alleles dominated transcriptional regulation of stored mRNAs, with ageing reducing maternal-specific gene expression. Promoter SNPs in these genes implicated BPC and DOF transcription factors in maternal bias. These findings establish molecular thresholds for vigor loss, validate priming as a resilience strategy, and provide biomarkers for seed quality assessment. Integrating transcriptomic, proteomic, and allele-specific insights advances precision breeding and storage practices, offering targets to enhance seed resilience against climate-driven agricultural challenges."
"pubmed","42708413","10.1093/nar/gkag851","Loss of SUMOylation drives aberrant PRC1 clustering and 3D genome rewiring independent of H3K27me3.","Akilli, Nazli; Puel, Paul-Swann; Stefano, Marco Di; Muzzopappa, Fernando; Fritsch, Lauriane; Erdel, Fabian; Jost, Daniel; Cheutin, Thierry; Cavalli, Giacomo","Nucleic acids research","2026-09-08","https://pubmed.ncbi.nlm.nih.gov/42708413/","Polycomb repressive complex 1 (PRC1) forms nuclear condensates that organize target chromatin domains. SUMOylation modulates PRC1 clustering, but its impact on condensate properties and 3D genome architecture remains unclear. Here, we show that depletion of small ubiquitin-like modifier (SUMO) in Drosophila wing imaginal discs transforms PRC1 condensates into large structures with reduced molecular dynamics. Biophysical modeling suggests that the changes in PRC1 self-interactions are responsible for the formation of large PRC1 condensates when SUMO is depleted. Interestingly, this biophysical reorganization occurs without global loss of the H3K27me3 mark. Instead, Hi-C reveals widespread rewiring of topologically associating domain (TAD) interactions. PRC1-bound TADs lose specific long-range contacts with each other while gaining ectopic interactions with active chromatin. These topological shifts correlate with gene misregulation independently of changes in Polycomb histone modifications. Our results establish SUMOylation as a critical regulator of PRC1 condensates, demonstrating that post-translational control of biomolecular condensation modulates 3D genome architecture and transcriptional output through mechanisms separable from histone mark deposition."
"pubmed","42708302","10.2174/0113862073491675260817100248","Transcriptome Analysis and Experimental Validation of Palmitoylation- Related Biomarkers in Atherosclerosis.","Song, Zhijian; Ma, Yirong; Liu, Yanhong; Lai, Junyu; Sun, Liqiang; Li, Qiming; Fan, Yaguo; Huang, Yingying; Ding, Doukun; Wu, Jianguang","Combinatorial chemistry & high throughput screening","2026-09-08","https://pubmed.ncbi.nlm.nih.gov/42708302/","INTRODUCTION: Protein palmitoylation contributes to membrane localisation, signal transduction, and cell-fate regulation. It is closely associated with lipid metabolic dysfunction, immune inflammation, and vascular remodelling in atherosclerosis (AS). However, key palmitoylation-related transcriptomic markers and their potential causal associations with AS remain incompletely defined. METHODS: The Gene Expression Omnibus (GEO) dataset GSE100927 was used as the training cohort, and GSE43292 was used as an external validation cohort. Differentially expressed genes were identified using limma and intersected with palmitoylation-related genes to obtain palmitoylation-related differentially expressed genes (PRDEGs). Gene Ontology (GO) and Kyoto Encyclopedia of Genes and Genomes (KEGG) enrichment analyses were then performed using clusterProfiler. Two-sample Mendelian randomisation was used to evaluate potential causal relationships between characteristic genes and AS. Feature selection was conducted using random forest and support vector machine recursive feature elimination (SVM-RFE), and the overlapping genes selected by both methods were retained. Receiver operating characteristic (ROC) curves were used to assess diagnostic performance. A five-gene nomogram was constructed, and its clinical utility was evaluated using calibration curves and decision curve analysis (DCA). Gene set variation analysis (GSVA) was applied to compare pathway activity between high- and low-expression groups for each core gene. Single-cell analysis using Seurat and expression-based cell-cell communication analysis using CellChat were conducted with GSE159677, and upstream transcription factors were predicted using NetworkAnalyst. For in vivo validation, an AS model was established in ApoE(8)/(8) mice fed a high-fat diet, and aortic gene and protein expression were assessed by RT-qPCR and western blotting. RESULTS: In GSE100927, 51 PRDEGs were identified. GO and KEGG enrichment analyses highlighted pathways associated with regulation of monoatomic ion transport, sarcomere and myofibril organisation, and immune inflammation. Mendelian randomisation suggested a potential protective causal association between SLC7A7 and AS. By integrating MR with random forest and SVM-RFE feature selection, we prioritised five core genes: PLCB2, GMIP, NEXN, PLN, and SLC7A7. These genes showed good diagnostic performance in GSE43292. The resulting nomogram was well calibrated and demonstrated stable net benefit in decision curve and clinical impact curve analyses. Single-gene GSVA identified consistently activated pathways across multiple genes, including innate and adaptive immune recognition, calcium signalling and myocardial contraction/cardiomyopathy, extracellular matrix-receptor interaction, cell junction pathways, autophagy-lysosome pathways, and several metabolic programmes. At the single-cell level, PLCB2 and GMIP were predominantly expressed in T cells and macrophages, NEXN and PLN were enriched in vascular smooth muscle cells, and SLC7A7 was mainly expressed in macrophages. CellChat analysis indicated increased signals for immune-related ligand-receptor interactions. In ApoE(8)/(8) mice fed a high-fat diet, PLCB2, GMIP, and SLC7A7 were upregulated, whereas NEXN and PLN were downregulated; protein-level changes were concordant with the transcriptomic trends. DISCUSSION: These findings indicate that palmitoylation-related dysregulation in AS converges on immune inflammation, calcium signalling/contractile programmes, ECM remodelling, and autophagy-linked metabolism. The five-gene panel is supported by external validation, single-cell localisation to immune and vascular compartments, and concordant results in ApoE(8)/(8) mice. CONCLUSION: This study identified and validated five palmitoylation-related genes associated with AS. SLC7A7 showed a potential protective causal signal in MR analysis. The enriched pathway patterns linked these genes to immune inflammation, calcium signalling-contraction coupling, ECM remodelling, cell adhesion, and autophagy- associated metabolic reprogramming. The five-gene nomogram showed potential utility for diagnostic classification and decision support, nominating candidate biomarkers and pathway targets for AS molecular subtyping, diagnosis, and mechanistic investigation."
"pubmed","42707623","10.1002/fsn3.72326","Integrative Transcriptomic Analysis and Functional Validation Implicate GPT2 in Glycolytic Regulation in Polycystic Ovary Syndrome.","Xi, Meili; Luo, Rongkui; Zhang, Jiarong; Huang, Weihong; Ma, Li; Sun, Yunyan; Ren, Aimin","Food science & nutrition","2026-09-08","https://pubmed.ncbi.nlm.nih.gov/42707623/","Polycystic ovary syndrome (PCOS) is a heterogeneous endocrine-metabolic disorder characterized by profound disturbances in energy metabolism, yet the molecular mechanisms underlying glycolytic dysfunction remain incompletely understood. Given the essential role of glycolysis in ovarian function and endocrine homeostasis, this study aimed to systematically characterize glycolysis-associated molecular alterations in PCOS and identify key metabolic regulators involved in disease pathogenesis. Transcriptomic datasets GSE34526 and GSE6798 were integrated to identify glycolysis-related differentially expressed genes (GRDEGs). Functional enrichment, immune infiltration, and regulatory network analyzes were performed to characterize the biological features associated with glycolytic dysregulation. Machine learning algorithms, including support vector machine, random forest, logistic regression, and LASSO regression, were applied to prioritize key glycolysis-associated regulators for downstream biological characterization. The functional role of GPT2 was further examined in KGN granulosa cells under PCOS-like conditions. Twelve GRDEGs were consistently dysregulated in PCOS and were predominantly enriched in glycolytic metabolism, ATP generation, and transcriptional regulatory processes. Integrative machine learning analyzes prioritized four key glycolysis-related genes (AMPD3, C5AR1, MLXIPL, and PDLIM7) associated with glycolytic remodeling in PCOS. Immune infiltration analyzes further revealed coordinated metabolic and immune remodeling, while regulatory network analyzes highlighted extensive interactions between hub genes and miRNA-, transcription factor-, and RNA-binding protein-mediated regulatory networks. Functional experiments demonstrated that GPT2 knockdown impaired glycolytic activity, reduced ATP production and aromatase activity, disrupted steroid hormone homeostasis, and exacerbated metabolic dysfunction in granulosa cells, whereas pharmacological activation of glycolysis partially reversed these alterations. Our findings provide a comprehensive characterization of glycolytic dysregulation in PCOS and identify GPT2 as a potential metabolic regulator linking altered energy metabolism to ovarian dysfunction. These findings provide a molecular framework for future studies investigating metabolism- and nutrition-based intervention strategies in PCOS."
"pubmed","42707507","10.1093/bioadv/vbag235","Interpretable prediction of nucleic acid-binding proteins using a protein language model.","Kim, Hanjin; Lee, Sung-Gwon; Oh, Jooseong; Kim, Kee K; Kim, Eun-Mi; Park, Chungoo","Bioinformatics advances","2026-09-08","https://pubmed.ncbi.nlm.nih.gov/42707507/","MOTIVATION: Accurate identification of DNA-binding proteins (DBPs) and RNA-binding proteins (RBPs) is critical for elucidating transcriptional and post-transcriptional regulatory mechanisms. However, existing computational approaches often rely on inferred labels or domain-specific annotations, which limit the subsequent generalizability. RESULTS: This study aimed to introduce transformer-based classifiers for human DBPs and RBPs that rely solely on protein sequence information without engineered features or domain constraints. The models were implemented using ESM-2 with low-rank adaptation (LoRA) fine-tuning and trained on experimentally validated datasets, including chromatin immunoprecipitation sequencing (ChIP-seq) annotations for DBPs and eCLIP annotations for RBPs. Next, to evaluate biological relevance, we computed value-aware attention (VAT) scores aggregated across transformer layers to interpret model focus. In 20-fold cross-validation, the DBP model achieved an area under the receiver operating characteristic curve (AUROC) of 0.84 with a Matthews correlation coefficient (MCC) of 0.40, while the RBP model achieved an AUROC of 0.92 with an MCC of 0.46. Proteins predicted as nucleic acid-binding were enriched for known binding domains, and inspection of attention distributions revealed preferential focus on annotated functional regions rather than non-binding segments. These results demonstrate that attention-based protein language models can accurately identify nucleic acid-binding proteins directly from sequence data. Moreover, these models reveal biologically meaningful sequence determinants of binding, establishing an interpretable and scalable framework for proteome-wide characterization of protein-nucleic acid interactions. AVAILABILITY AND IMPLEMENTATION: Code is available on GitHub (https://github.com/CSB-hub/DRBP)."
"pubmed","42706337","10.1038/s41598-026-63671-0","Integrated network pharmacology, molecular docking, and experimental validation to reveal the potential mechanism of Ginsenoside Rg1 on chronic obstructive pulmonary disease.","Li, Xinpeng; Xiang, Dandan; Hu, Lingling; Lin, Lingdan; Wang, Guoqiang; Xu, Jing","Scientific reports","2026-09-08","https://pubmed.ncbi.nlm.nih.gov/42706337/","Ginsenoside Rg1 (GS Rg1), a natural flavonoid exhibiting anti-inflammatory and antioxidant properties, holds significant potential for treatment chronic obstructive pulmonary disease (COPD). Nevertheless, the precise mechanisms underlying its therapeutic effects remain to be fully elucidated. This study aimed to explore the role and potential mechanism of GS Rg1 in the treatment of COPD using network pharmacology, molecular docking, and experimental validation.Targets related to GS Rg1 and COPD were screened from public databases, and the potential common targets were then imported into the STRING database to construct a protein-protein interaction (PPI) network. Gene ontology (GO) and Kyoto encyclopedia of genes and genomes (KEGG) enrichment analysis were performed to identify key signaling pathways. Molecular docking was employed to predict the binding interactions between GS Rg1 and core targets. A BEAS-2B cell model induced by lipopolysaccharide(LPS) and cigarette smoke extract(CSE) was used to explore the protective mechanisms of GS Rg1. Western blot analysis was conducted to validate the critical targets and pathways involved in the anti-COPD effects of GS Rg1. Network pharmacology analysis revealed 105 common targets between GS Rg1 and COPD. The EGFR/PI3K/AKT and EGFR/STAT3 signaling pathways were selected for further validation. GS Rg1 was demonstrated to effectively inhibit inflammation and mucus hypersecretion in vitro models of COPD. Western blot results showed that GS Rg1 treatment significantly downregulated the expression of proteins involved in the EGFR/PI3K/AKT and EGFR/STAT3 signaling pathway, consistent with the network pharmacology findings. CSE/LPS exposure induces inflammation and oxidative stress in COPD by disrupting the EGFR/PI3K/AKT and EGFR/STAT3 signaling pathways, and GS Rg1 significantly alleviates these effects, which may be partially through regulating the EGFR/PI3K/AKT and EGFR/STAT3 signaling pathway."
"pubmed","42705710","10.1016/j.foodres.2026.120190","An antioxidant and hepatoprotective peptide derived from peony seed meal: Dual mechanisms through activation of the Keap1/Nrf2/HO-1 pathway and inhibition of mitochondrial apoptosis.","Wang, Bing; Fei, Bo; Yan, Xueshan; Xiao, Zhenxiang; Dong, Yingying; Jiang, Ting; Shao, Shuai; Yan, Mingming","Food research international (Ottawa, Ont.)","2026-09-07","https://pubmed.ncbi.nlm.nih.gov/42705710/","Peony seed meal (PSM), a byproduct of peony seed oil processing, is rich in protein but is currently used primarily as animal feed in the livestock industry, leaving its protein resources largely underutilized. Herein, PSM was used as the raw material, and a combination of ultrasound-assisted enzymatic hydrolysis and ultrafiltration was employed to prepare a naturally active peptide fraction (PSMPH) from PSM protein (PSMP). Compared with PSMP, PSMPH demonstrated superior structural characteristics and antioxidant activity. Using liquid chromatography-tandem mass spectrometry, bioactivity prediction, and molecular docking analyses, the peptide AT-8 (APGGYGGT) was identified as a potential antioxidant candidate from PSMPH and subsequently synthesized using solid-phase synthesis. Safety evaluation further confirmed that AT-8 produced no cytotoxic side effects in five normal somatic cell lines. In H(2)O(2)-induced oxidative damage in LO2 hepatocytes, AT-8 significantly reduced alanine aminotransferase, aspartate aminotransferase, and malondialdehyde levels while upregulating the activities of superoxide dismutase, catalase, and glutathione peroxidase compared with PSMPH. Pathway-specific validation further demonstrated that AT-8 exerts hepatoprotective effects through a cascade mechanism involving Nrf2-HO-1 activation, enhanced antioxidant defense, and indirect inhibition of Bax/caspase-3. This study identified AT-8 as an antioxidant hepatoprotective peptide derived from PSM and systematically elucidated its molecular mechanism of action, thereby providing a scientific basis for the high-value utilization of PSM."
"pubmed","42703773","10.1155/mi/3190064","Identification of Integrated Stress Response-Related Biomarkers in Sepsis-Induced Acute Respiratory Distress Syndrome.","Gao, Ye; Wang, Ni; Xiao, Zhaoyang","Mediators of inflammation","2026-09-07","https://pubmed.ncbi.nlm.nih.gov/42703773/","BACKGROUND: Sepsis-induced acute respiratory distress syndrome (ARDS) is a fatal inflammatory lung injury. The integrated stress response (ISR) may play stage-dependent roles in lung injury, but its clinical relevance in sepsis-induced ARDS remains unclear. We aimed to identify ISR-related biomarkers and explore their potential mechanisms. METHODS: Public transcriptomic datasets of sepsis-induced ARDS were analyzed. Peripheral blood mononuclear cell (PBMC) single-cell RNA sequencing (scRNA-seq) was used to define key immune cell populations and intercellular communication. Differential expression analyses combined with machine learning were applied to screen ISR-associated biomarkers, and a nomogram was developed as an exploratory tool for ARDS risk stratification. Biomarker expression was validated in a cecal ligation and puncture (CLP)-based rat model representing early sepsis and ARDS-like lung injury. Lung injury was assessed by light and electron microscopy, histological scoring, lung wet/dry weight ratio, and BALF total protein measurement. Gene expression was quantified by qPCR and protein levels by Western blotting. Functional enrichment, immune infiltration, and trajectory analyses were performed to investigate underlying pathways and immune dynamics. The biomarkers were further validated in an independent external dataset. RESULTS: Nuclear factor erythroid 2-like 2 (NFE2L2) and ZFP36L1 were identified as potential ISR-associated biomarkers in sepsis-induced ARDS, and the two-gene nomogram showed good predictive performance. In vivo, peripheral blood Tnf and Il6 mRNA expression increased after CLP, while rats with ARDS-like lung injury exhibited marked lung injury and reduced tight junction markers. Nfe2l2 and Zfp36l1 mRNA levels were elevated in early sepsis but decreased in established ARDS-like lung injury, while their protein levels were generally reduced in established ARDS-like lung injury compared with early sepsis. Canonical ISR activation markers, including the p-eukaryotic translation initiation factor 2alpha (eIF2alpha)/total eIF2alpha ratio and Atf4, Ddit3/Chop, and Ppp1r15 a/Gadd34 expression, progressively increased from early sepsis to ARDS-like lung injury. Enrichment analyses implicated multiple ISR-related pathways. Immune infiltration analysis revealed altered immune cell composition, with NFE2L2 negatively correlated with activated B cell infiltration. Single-cell trajectory analysis demonstrated dynamic expression of these biomarkers during differentiation of key immune cell subsets. CONCLUSION: NFE2L2 and ZFP36L1 are potential ISR-associated biomarkers in sepsis-induced ARDS and may contribute to disease progression through stress-response regulation and immune modulation, supporting biomarker-driven risk stratification and providing a foundation for future mechanistic and interventional studies."
"pubmed","42703251","10.1007/s40203-026-00679-4","Structure-based design of peptide ligands targeting transcription in Helicobacter pylori.","Gracia, Judith; Nagarajan, Balaji; Manikam, Vyshnavi; Ragunathan, Preethi","In silico pharmacology","2026-09-07","https://pubmed.ncbi.nlm.nih.gov/42703251/","Helicobacter pylori colonize the gastric epithelial cells and poses a strong risk factor for gastric complications like chronic gastritis, ulcer diseases, and gastric cancer. Despite the complex treatment regimens, antibiotic resistance is the primary cause of eradication failure and calls for alternate treatment strategy. This study aims to design peptide ligands that specifically target protein-protein interactions in the transcription machinery of H. pylori. The dissociable sigma-factor known as SigA, which binds with the RNA polymerase (RNAP) core beta-prime subunit (RpoC). This interacting region has been targeted to design specific peptide ligands using structure-based computational methods. The lack of experimental structures necessitated generating structural models for Hp RpoC, Hp SigA and Hp RpoC-SigA complex structure. The complex was built based on hybrid template-based modeling (TBM) techniques. The RpoC-SigA interface has been exploited to design five suitable peptides-three peptides from H. pylori SigA (P1, P2, and P3) and two peptides from the SigA-interacting regions of H. pylori RpoC (P4 and P5). Investigation of the binding affinity of all five peptides suggests that P1, P3, and P5 exhibit significant affinity, indicating a potential hindrance to RNAP interaction with transcription factors prior to holoenzyme formation. These peptides may serve as promising inhibitors against H. pylori infection. SUPPLEMENTARY INFORMATION: The online version contains supplementary material available at https://doi.org/10.1007/s40203-026-00679-4."
"pubmed","42702944","10.1002/biof.70149","Immune-Like Malignant Epithelial Programs Shape Tumor-Immune Interactions and Inform Prognostic Stratification in Lung Adenocarcinoma.","Zhang, Wei; Sheng, Hongmei; Zhang, Yazheng; Yu, Qihong; Peng, Haiying","BioFactors (Oxford, England)","2026-09-07","https://pubmed.ncbi.nlm.nih.gov/42702944/","Lung adenocarcinoma (LUAD) is characterized by marked cellular heterogeneity, yet how malignant epithelial states contribute to immune regulation and clinical outcomes remains incompletely defined. We integrated single-cell RNA-sequencing data to map the cellular landscape of LUAD and identify malignant epithelial cells based on inferred copy-number alterations. Epithelial states were further examined through trajectory inference, transcription factor analysis, and cell-cell communication profiling. Single-cell-derived genes were subsequently integrated with TCGA and independent GEO cohorts to construct and validate a machine learning-based prognostic signature. Malignant epithelial cells displayed distinct functional programs, including an immune-like state associated with genomic instability, immune-related transcriptional activity, tumor-immune communication, and patient outcomes. The resulting immune-like malignant epithelial cell signature (IMEC-Sig) consistently stratified survival across multiple cohorts. Low IMEC-Sig scores were accompanied by greater immune infiltration, higher immune checkpoint expression, and increased immunophenoscore, whereas high scores were linked to a comparatively immunosuppressive phenotype. Pan-cancer analyses further identified KRT8 as a gene associated with unfavorable prognosis, and functional experiments showed that KRT8 silencing suppressed proliferation, migration, invasion, and colony formation in LUAD cells. Together, these findings connect malignant epithelial heterogeneity with the immune context and clinical outcomes, support IMEC-Sig as a biologically informed prognostic tool, and nominate KRT8 as a potential therapeutic target in LUAD."
"pubmed","42701775","10.2147/COPD.S615813","Bioinformatics Screening and Preliminary Experimental Verification of Integrated Stress Response-Associated MYC and BAG3 in Chronic Obstructive Pulmonary Disease.","Liu, Xueping; Wang, Lu; Tang, Ting; Qian, Hang; He, Binfeng; Xu, Zhi; Wang, Guansong; Zhang, Mingzhou","International journal of chronic obstructive pulmonary disease","2026-09-06","https://pubmed.ncbi.nlm.nih.gov/42701775/","BACKGROUND: Chronic obstructive pulmonary disease (COPD) has high morbidity and mortality, and integrated stress response (ISR) participates in its progression. Traditional COPD diagnosis relies mainly on GOLD criteria, while ISR-based auxiliary molecular markers are still lacking. This study aimed to comprehensively analyze and identify ISR-related biomarkers in COPD, and to uncover their underlying molecular mechanisms. METHODS: COPD data were obtained from the GEO database. Biomarkers were identified and validated through a comprehensive approach, including differential expression analysis, machine learning algorithms, expression level verification, and receiver operating characteristic (ROC) curve analysis. Moreover, a nomogram was applied to construct an ISR-related predictive model for COPD. Enrichment analysis, immune infiltration analysis, molecular regulatory network, and drug prediction were performed to further confirm the regulatory roles of biomarkers. Furthermore, the expression patterns of biomarkers in core cells were investigated using dataset GSE173896. Furthermore, Western blotting was employed to detect the protein expression levels of biomarkers in clinical samples. RESULTS: Overall, 2 biomarkers (MYC and BAG3) were identified as significantly associated with ISR in COPD. A predictive nomogram constructed based on MYC and BAG3 demonstrated excellent diagnostic performance, with an area under the curve (AUC) value of 0.799. The biomarkers were significantly enriched in the MAPK signaling pathway and cell cycle. Notably, biomarkers were positively correlated with effector memory CD4 T cells and eosinophils. Subsequently, 36 microRNAs (miRNAs) (like hsa-miR-4699-3p), 260 transcription factors (TFs) (like SNAI2, ZBTB43, and ZNF395) and 9 drugs (like staurosporine and N-acetyl-L-cysteine) were associated with the biomarkers. Moreover, significant changes in MYC and BAG3 expression were observed during T cell differentiation. Clinically, MYC and BAG3 were significantly upregulated in COPD tissues, with protein levels increased by 58.4% and 252.2% respectively. CONCLUSION: This study identified and preliminarily verified ISR-associated MYC and BAG3, offering novel molecular references to complement conventional COPD clinical assessment."
"pubmed","42700890","10.1016/j.plantsci.2026.113406","BpCYCD3;1 regulates organ growth by activating the cell cycle module in white birch.","Yue, Linan; Wang, Xinyu; Zheng, Zhimin","Plant science : an international journal of experimental plant biology","2026-09-06","https://pubmed.ncbi.nlm.nih.gov/42700890/","Cyclin D proteins are key regulators of cell cycle progression and plant growth. Here, we identified BpCYCD3;1, a CYCD3 family member in birch, and investigated its function. Phylogenetic and sequence analyses showed that BpCYCD3;1 is evolutionarily conserved and contains canonical cell cycle-related domains. Promoter and expression analyses suggested responsiveness to environmental and hormonal signals, with preferential expression in leaves. BpCYCD3;1 overexpression promoted leaf expansion and and biomass accumulation, whereas CRISPR/Cas9 knockout reduced vegetative growth. Cytological analyses revealed increased cell density and epidermal cell number in overexpression lines, indicating enhanced cell proliferation. At the molecular level, BpCYCD3;1 upregulated G1/S transition regulators and DNA replication-related genes. Yeast two-hybrid and docking analyses suggested interaction between BpCYCD3;1 and CDKA;1, as well as the interaction between RBR and E2F transcription factors, and binding of E2FA/E2FB to downstream promoters. Together, these results indicate that BpCYCD3;1 promotes vegetative growth by activating the CDKA-RBR-E2F regulatory module, providing a potential target for improving tree growth and biomass production."
"pubmed","42700290","10.1007/s11033-026-12687-w","Binding analysis of the response regulator NarL protein to the promoter of the O(6)-methylguanine-DNA methyltransferase (ogt) gene in Salmonella Typhimurium.","Sahoo, Pravas Ranjan; Kumar, Ajay; Pashupathi, M; Sahoo, Jyochhna Rani","Molecular biology reports","2026-09-06","https://pubmed.ncbi.nlm.nih.gov/42700290/","BACKGROUND: Salmonella Typhimurium (STM) is a gram-negative bacterium that causes severe gastrointestinal disorders in both animals and humans. The regulation of DNA repair genes is critical for maintaining genomic stability of the bacteria. O(6)-methylguanine DNA methyltransferase (Ogt), plays a vital role in repairing alkylated DNA in STM; however, the transcriptional regulation of ogt gene remains poorly characterized. Furthermore, NarL is a transcriptional regulator, involved in the pathogenesis of STM under anaerobic condition. Therefore, this study investigated the interaction between NarL protein and the promoter region of the ogt gene. METHODS: In this study, narl gene was cloned in pET32a vector and NarL protein was expressed in Escherichia coli BL21 (DE3). Subsequently, the ogt gene promoter (pogt) was selected, amplified, cloned and its activity was evaluated. Electrophoretic mobility shift assay (EMSA), isothermal titration calorimetry (ITC), molecular docking were employed to elucidate the interaction between NarL protein and ogt promoter. Furthermore, the regulatory role of NarL in ogt gene expression was validated in vivo using RT-qPCR and beta-galactosidase assay. RESULTS: This study resulted that NarL protein interacts specifically with the ogt promoter, as confirmed by EMSA and ITC, with DeltaG of - 9.42 kcal mol(-)(1). Furthermore, RT-qPCR and beta-galactosidase assays demonstrated that deletion of narl significantly (P </= 0.01) decreased ogt transcript levels and promoter activity than wild Salmonella Typhimurium, whereas exogenous supplementation of recombinant NarL protein restored the expression. These findings suggest that NarL plays a potential regulatory role in ogt gene expression in response to environmental signals. CONCLUSION: These findings highlight an interaction between NarL protein and the promoter region of ogt gene in Salmonella Typhimurium, linking nitrogen metabolism with the DNA repair pathway in STM, which may contribute to the bacterial survival under nitrosative stress."
"pubmed","42699651","10.1177/2997979x261472562","Single cell transcriptomic analysis by deep learning identifies novel microglial transcription regulations in Alzheimer's Disease.","Trivedi, Maitry Ronakbhai; Shah, Jay; Su, Yi; Reiman, Eric M; Wu, Teresa; Wang, Qi","AI in neuroscience","2026-09-06","https://pubmed.ncbi.nlm.nih.gov/42699651/","Artificial Intelligence (AI) has been increasingly applied to investigate genetic irregularities associated with Alzheimer's Disease (AD). However, its potential to uncover deeper, more detailed molecular and cellular mechanisms remains underexplored, primarily due to limitations in integrating large-scale data and capturing the complex, cell-type-specific dynamics involved in AD pathology. Single-cell RNA sequencing (scRNA-seq) has emerged as a powerful tool in transcriptomics, offering high-resolution, cell-specific insights into complex biological systems. Despite this advancement, a significant gap remains in identifying both common and cell-type-specific transcriptomic signatures that define AD-related cellular and molecular processes. To address this, we propose a deep learning framework leveraging a Multi-Layer Perceptron (MLP) to classify AD versus control nuclei using scRNA-seq data from the Religious Orders Study/Memory and Aging Project (ROSMAP). We focus on microglial subclusters, particularly those representing homeostatic and activated states, to train the MLP model for optimal classification performance. We utilize the predicted embeddings from the MLP to model a disease progression trajectory for each of the datasets. Our model demonstrates strong performance in both classification and disease trajectory inference. To enhance interpretability, SHapley Additive exPlanations (SHAP) are applied to identify key AD-associated genes. Based on the most salient genes implicated in AD, we built transcription gene regulatory networks, revealing novel transcription factors and regulons for AD pathogenesis. These regulons highlight profound impacts of dysregulations of proteostasis, endoplasmic reticulum (ER) stress responses, and circadian rhythm on synaptic plasticity and neuronal survival in AD, offering a more holistic approach to drug target discovery compared to conventional single-target strategies, potentially leading to greater efficacy in slowing or reversing disease progression. This work demonstrates the transformative potential of AI in elucidating the molecular mechanisms of AD, offering improvements over traditional methods and uncovering novel insights into disease pathogenesis and potential therapeutic targets."
"pubmed","42697644","10.1016/j.pestbp.2026.107266","Chlorpyrifos exposure induces inflammatory and immune dysregulation: An integrative in silico and in vitro analysis.","Chiang, Chen-Yu; Chen, Shih-Pin; Luo, Ci-Wen; Su, Chun-Hung; Lee, Shiuan-Shinn; Chen, Wen-Ying; Chen, Chun-Jung; Tseng, Ching-Chi; Chen, Pin-Tzu; Lu, Yin-Che; Kuan, Yu-Hsiang","Pesticide biochemistry and physiology","2026-09-04","https://pubmed.ncbi.nlm.nih.gov/42697644/","Chlorpyrifos (CPF) is a widely used organophosphate insecticide that has been associated with chronic inflammatory and immune-related health effects. However, the molecular mechanisms underlying CPF-induced immune-inflammatory dysregulation remain incompletely defined. In this study, an integrated in silico and in vitro strategy was employed to elucidate the signaling pathways involved in CPF-mediated macrophage inflammatory activation. Network-based target prediction and pathway enrichment analysis identified MAPK14, which encodes p38 MAPK, and RELA, which encodes the NF-kappaB p65 subunit, as central regulatory nodes potentially involved in CPF-mediated inflammatory responses. These computational findings guided subsequent mechanistic validation in RAW264.7 macrophages. Consistent with the in silico predictions, CPF exposure selectively increased the activation of MAPK14 (which encodes the p38 MAPK) and RELA (which represents p65) in RAW264.7 macrophages, whereas other MAPK family members showed no obvious activation. Molecular docking and molecular dynamics simulations further demonstrated stable interactions between CPF and both predicted targets, supporting their potential involvement in CPF-responsive signaling regulation. Functionally, CPF treatment increased phosphorylation of p38 MAPK and p65, promoted the production of inflammatory mediators, and upregulated co-stimulatory and antigen-presenting molecules in macrophages. Collectively, these findings suggest that CPF is associated with macrophage-mediated inflammatory activation involving the p38 MAPK and NF-kappaB signaling pathways. This study provides mechanistic insight into CPF-associated immune-inflammatory dysregulation and supports the relevance of macrophage inflammatory activation in environmental CPF exposure."
"pubmed","42696180","10.1186/s43046-026-00407-1","Computationally guided multi-epitope vaccine design targeting oncoprotein BZLF1, EBNA1, LMP1, and LMP2 for of EBV associated gastric cancer.","Delonio, Elvin; Ysrafil, Ysrafil; Shinta, Herlina Eka; Pratiwi, Sari Eka","Journal of the Egyptian National Cancer Institute","2026-09-04","https://pubmed.ncbi.nlm.nih.gov/42696180/","BACKGROUND: Epstein-Barr virus (EBV)-associated gastric cancer (EBVaGC) is distinct molecular subtype of gastric cancer for which effective preventive and targeted therapeutic strategies remain limited. This study aimed to design and evaluate multiepitope vaccine candidates targeting four EBV proteins critically involved in this disease, namely BZLF1, EBNA1, LMP1, and LMP2. METHODS: An integrated immunoinformatics and reverse vaccinology approach was employed to predict and screen MHC-I (CTL), MHC-II (HTL), and B-cell epitopes. Selected epitopes were assembled into multiepitope vaccine constructs, which were then evaluated for physicochemical properties, potential interactions with immune receptors, and post-injection immune responses using computational simulations. RESULTS: A total of 20 immunodominant epitopes in each CTL, HTL and LBL were identified and selected based on their predicted antigenicity, immunogenicity, non-allergenicity, and non-toxicity, while the selected MHC-II epitopes were additionally predicted to induce IFN-gamma, IL-2, IL-4, and IL-10 responses. Global population coverage analysis estimated worldwide coverage of 98.74%. The final vaccine construct comprised 1,091 amino acids and exhibited favorable physicochemical properties with acceptable structural quality, as indicated by a ProSA Z-score of - 2.28 and 79.1% of residues located in the most favored regions of the Ramachandran plot. Disulfide engineering identified six residue pairs with the potential to enhance structural stability. Molecular docking demonstrated favorable binding of the vaccine construct to TLR9, with a HADDOCK score of - 165.4 +/- 0.7 kcal/mol. Molecular dynamics simulations further supported the structural feasibility of the vaccine-TLR9 complex, yielding an average RMSD of 1.253 nm; 963.3 hydrogen bonds, and SASA of 911.3 nm(2). Meanwhile, normal mode analysis corroborated the dynamic stability of the complex. Codon optimization in the pET-28a(+) vector resulted an optimal codon adaptation index (CAI = 1.0) and GC content of 57.86%, suggesting high potential for recombinant expression in Escherichia coli. Immune simulations further predicted coordinated humoral and cellular immune responses, accompanied by immunological memory formation following simulated vaccination regimen. CONCLUSION: The study proposed multiepitope vaccine candidate targeting crucial antigen of EBVaGC based immunoinformatics-based approach. The construct predicted to have favorable in silico immunological and structural properties. However, further experimental validation is required to confirm its safety and immunogenic potential."
"pubmed","42695583","10.3791/72242","UPP1 as a Diagnostic Biomarker: Insights from Integrative Bioinformatics and Immune Infiltration Analyses in COPD.","Hu, Anbang; Hong, Xubo; Ma, Ying; Wu, Junlin; Zeng, Xiangxia; Xu, Yinji; Li, Hong","Journal of visualized experiments : JoVE","2026-09-04","https://pubmed.ncbi.nlm.nih.gov/42695583/","COPD is a progressive respiratory disorder characterized by persistent airflow limitation and chronic inflammation, yet the role of N4-acetylcytidine (ac4C) RNA modification in its pathogenesis remains largely unexplored. This study aimed to systematically screen for ac4C-related genes (ac4C-RGs) from a published database and investigate their regulatory networks in COPD, thereby identifying potential biomarkers for further mechanistic studies without assuming a direct regulatory relationship between any specific gene and ac4C modification. Differentially expressed genes (DEGs) were identified from transcriptomic profiles, and weighted gene co-expression network analysis (WGCNA) was applied to uncover key co-expression modules. Cross-analysis among DEGs, significant modules, and ac4C-RGs was conducted. Key genes were screened using LASSO regression, XGBoost, and random forest algorithms, followed by logistic regression‑based diagnostic model construction. Model performance was evaluated by receiver operating characteristic (ROC) curve analysis, area under the curve (AUC) with 95% confidence intervals, calibration curve assessment, and decision curve analysis (DCA). A total of 160 overlapping genes were identified, and six hub genes (PTRF, PRKCDBP, UPP1, TOR3A, FAM168B, and B4GALT2) were consistently selected by all three machine learning algorithms. The diagnostic model demonstrated good discriminative performance, with AUCs of 0.766, 0.759, and 0.723 in the training, internal test, and external validation sets, respectively. Regulatory network analysis suggested potential ceRNA axes and transcription factor interactions, while immune infiltration profiling revealed significant correlations between key genes and multiple immune cell subsets. Drug-gene interaction analysis and molecular docking indicated that fluorouracil, capecitabine, and 5-benzylacyclouridine may exhibit favorable predicted binding affinities with UPP1. In conclusion, PTRF, PRKCDBP, UPP1, TOR3A, FAM168B, and B4GALT2 were identified as potential ac4C-related biomarkers in COPD, potentially involved in immune and metabolic regulation, providing a foundation for future functional investigations and therapeutic exploration."
"pubmed","42694440","10.3389/fbinf.2026.1890219","Network-based integrative analysis of multi-level regulatory mechanisms associated with glyphosate exposure.","Consuegra-Mayor, Claudia; Arroyo-Salgado, Barbara; Olivero-Verbel, Jesus","Frontiers in bioinformatics","2026-09-04","https://pubmed.ncbi.nlm.nih.gov/42694440/","Understanding the molecular effects associated with glyphosate exposure remains challenging due to the fragmentation of available evidence across heterogeneous data sources. This study aimed to integrate heterogeneous molecular evidence related to glyphosate exposure through a reproducible systems biology workflow in order to prioritize human genes, regulatory networks, and biological processes associated with glyphosate. Multiple platforms, including the Comparative Toxicogenomics Database (CTD), GeneShot, and GeneCards, were queried and complemented with artificial intelligence-assisted information retrieval. Genes present in at least two independent sources were selected, and additional candidates were obtained from transcriptomic datasets using GEO2R. Gene identifiers were standardized according to the HUGO Gene Nomenclature Committee (HGNC). Functional enrichment and protein-protein interaction (PPI) network analyses were performed using STRING and Cytoscape, and hub genes were identified using the cytoHubba plugin. In addition, upstream transcription factor analysis was conducted to identify potential regulatory drivers of the gene network. The resulting consensus dataset was subsequently analyzed using protein-protein interaction networks, functional enrichment, and upstream regulatory inference. The integrative workflow prioritized a core set of 50 genes was identified, with key hub genes including TP53, BCL2, IL6, CASP3, ALB, and TNF. Enrichment analyses revealed a consistent overrepresentation of pathways related to cellular stress response, apoptosis, endocrine signaling, and cancer, along with a specific epigenetic signal associated with DNA methylation. Upstream regulatory analysis identified key transcription factors linked to hormonal signaling, cellular stress response, and transcriptional control, further supporting the hierarchical organization of the gene network. Gene-disease and phenotype associations further highlighted links with hepatobiliary disorders, neoplastic processes, and endocrine alterations. Overall, this integrative systems biology framework provides a comprehensive view of the molecular architecture associated with glyphosate exposure, prioritizing candidate genes, regulatory networks, and biological processes for hypothesis generation and future experimental and epidemiological validation."
"pubmed","42694414","10.3389/fimmu.2026.1934610","Salvia miltiorrhiza ultrafine powder improves ileal barrier function and health of hens during late laying period via TLR4/NF-kappaB-mediated macrophage polarization.","Meng, Chengwen; Azad, Md Abul Kalam; Lin, Wenchao; Gui, Jue; Cui, Yadong; Lan, Wei; Kong, Xiangfeng","Frontiers in immunology","2026-09-04","https://pubmed.ncbi.nlm.nih.gov/42694414/","BACKGROUND: Declining laying performance and egg quality during the late laying period are closely associated with intestinal barrier dysfunction, chronic inflammation, and gut microbiota dysbiosis. In our previous study, dietary supplementation with 15 g/kg Salvia miltiorrhiza ultrafine powder (SMUP) exhibited the greatest improvement in laying performance and egg quality of hens during late laying period. However, the underlying mechanisms remain unclear. Therefore, the present study further investigate the effects of dietary SMUP on ileal morphology, barrier function, immune response, and gut microbiota, combined with in silico analyses to elucidate the potential molecular mechanisms. METHODS: A two-group feeding trial with late-laying hens was conducted to evaluate ileal histomorphology, tight junction protein expression, plasma and ileal inflammatory cytokine levels, and ileal microbial community composition through 16S rRNA sequencing. Transcriptomic data from LPS-stimulated chicken HD11 macrophages (GSE278197) were analyzed by differential expression and weighted gene co-expression network analysis (WGCNA) to identify macrophage polarization hub genes. Network pharmacology, molecular docking and 100 ns molecular dynamics simulations were sequentially performed to identify the key bioactive compound of SMUP and its target protein related to intestinal immune regulation. RESULTS: Dietary SMUP (15 g/kg) reduced ileal crypt depth (CD), increased villus height/CD ratio, upregulated tight junction proteins (claudin-1, occludin, and ZO-1), and inhibited the TLR4/NF-kappaB signaling pathway by downregulating TLR4 and NF-kappaB p65 expressions (P < 0.05). Additionally, SMUP downregulated pro-inflammatory cytokines (IL-1beta, IL-6, TNF-alpha, IFN-gamma, and iNOS), elevated anti-inflammatory cytokines (IL-4 and IL-10) expressions in the ileum, and increased plasma IL-10 level (P < 0.05). Dietary SMUP also modulated gut microbiota by reducing the Tenericutes abundance and enriching predicted ansamycin biosynthesis. Furthermore, network pharmacology, molecular docking, and molecular dynamics simulations identified tanshinone IIA as a core compound directly targeting NFKBIA (encoding IkappaBalpha), suggesting that SMUP stabilizes IkappaBalpha, thereby blocking its phosphorylation-dependent degradation and subsequent NF-kappaB nuclear translocation. Through inhibition of the TLR4/NF-kappaB pathway, SMUP promoted the polarization of intestinal macrophages from the pro-inflammatory M1 toward the anti-inflammatory M2 phenotype, which was consistent with the reciprocal changes in M1/M2-related gene expression. CONCLUSION: Dietary SMUP improves intestinal health of late-laying hens by strengthening the intestinal barrier, alleviating inflammation (via inhibiting the TLR4/NF-kappaB pathway and promoting M2-type macrophage polarization), and modulating the gut microbiota. These improvements in intestinal health supported SMUP as a promising natural plant-derived feed additive for hens during late laying period."
"pubmed","42694321","10.3389/fimmu.2026.1868468","Integrated single-cell transcriptomic and machine-learning analyses identify a CD36-associated macrophage state in diabetic nephropathy.","Yang, Xin; Li, Jiangying; Zeng, Ying; Wang, Gao; Zeng, Jilan; Liu, Dehui","Frontiers in immunology","2026-09-04","https://pubmed.ncbi.nlm.nih.gov/42694321/","BACKGROUND: Diabetic nephropathy (DN) is the leading cause of end-stage renal disease worldwide and is characterized by progressive glomerulosclerosis, tubulointerstitial fibrosis, and a chronic inflammatory microenvironment. Although macrophage infiltration and immune dysregulation are recognized as central pathological features, the cell-type-specific transcriptional programs that drive inflammatory amplification in DN remain incompletely understood, particularly at single-cell resolution. OBJECTIVE: To identify macrophage-associated transcriptional biomarkers and delineate intercellular communication networks in DN using an integrated workflow combining urine single-cell RNA sequencing, multi-algorithm machine learning, and tissue-level experimental validation. METHODS: Urine scRNA-seq data from 17 healthy-control libraries (GSE157640 and GSE165396) and 8 diabetic nephropathy (DN) libraries (GSE266146) were processed using Seurat and integrated using Harmony. IL6-JAK-STAT3 pathway activity was quantified using AUCell. The GSE30122 cohort was stratified by disease status and randomly divided into training and held-out internal validation sets. Candidate-gene selection using LASSO, random forest, and Boruta was performed exclusively in the training set, and the discriminatory performance of the consensus genes was subsequently evaluated in the held-out internal validation set using receiver-operating-characteristic analysis. Cell-cell communication was computationally inferred using CellChat. Renal CD36 expression and its spatial association with F4/80-positive macrophages were assessed in an STZ-induced mouse model. RESULTS: Single-cell analysis identified major epithelial and immune cell populations in the urine of patients with DN and controls. IL6-JAK-STAT3 pathway activity was significantly elevated in DN, with macrophages showing the highest enrichment. Machine learning identified CD36 as a consensus biomarker with an AUC of 0.894 in the external validation cohort. CD36 was predominantly expressed in macrophages, and CellChat analysis predicted inflammatory and profibrotic ligand-receptor communication patterns associated with CD36-detected macrophages. In DN mice, CD36 was significantly upregulated at both the mRNA and protein levels and co-localized with F4/80-positive macrophages in renal tissue. CONCLUSIONS: CD36 represents a macrophage-enriched candidate molecular marker associated with an IL6-JAK-STAT3-high transcriptional state and predicted intercellular communication patterns in DN. These findings support further investigation of CD36, although its clinical utility and therapeutic relevance require independent clinical and functional validation."
"pubmed","42694191","10.3389/fimmu.2026.1919175","A regulatory network underlying idiopathic pulmonary fibrosis.","Li, Ganggang; Pan, Xiaochuan; Wang, Yuanyuan; Lan, Peishu; Li, Jie; Wu, Xuanyu; He, Yanyun; Wen, Hongdan; Cheng, Zhitian; Du, Quanyu; Wu, Wenbin","Frontiers in immunology","2026-09-04","https://pubmed.ncbi.nlm.nih.gov/42694191/","BACKGROUND: Idiopathic pulmonary fibrosis (IPF) is a progressive interstitial lung disease in which genetic susceptibility interacts with epithelial, immune, and mesenchymal remodeling. Although the chromosome 11p15.5 locus contains established IPF susceptibility signals near MUC5B and TOLLIP, the broader regulatory architecture of this region remains incompletely resolved. METHODS: We integrated IPF genome-wide association study summary statistics with methylation, expression, and protein quantitative trait loci using summary-data-based Mendelian randomization (SMR). SMR-prioritized candidates were evaluated in independent transcriptomic and methylation cohorts and further contextualized using microRNA, transcription-factor, protein-interaction, machine-learning, single-cell, and spatial transcriptomic analyses. Fibrosis-associated expression patterns were assessed in a bleomycin-induced pulmonary fibrosis rat model. RESULTS: The analyses recovered the established MUC5B and TOLLIP signals and prioritized BRSK2 as a comparatively underexplored candidate supported by eQTL-based SMR and independent molecular evidence. The BRSK2 pQTL association did not pass the HEIDI test and was therefore not interpreted as convergent protein-level genetic evidence. Network analyses linked BRSK2 to cell-cycle, metabolic-stress, and senescence-related programs, while cross-cohort machine learning prioritized FOXA2, CDC25B, and NFE2 as informative network features. Single-cell and spatial analyses localized BRSK2 preferentially to fibroblast and myofibroblast compartments and to regions with greater histological fibrosis severity. In fibrotic rat lungs, BRSK2 expression increased, whereas FOXA2 and CDC25B decreased at the transcript and protein levels. CONCLUSIONS: These findings refine the molecular landscape of the chromosome 11p15.5 IPF susceptibility locus and prioritize BRSK2 as a candidate component of an IPF-associated profibrotic fibroblast state. Its causal contribution, direct regulatory relationships, and therapeutic tractability require targeted mechanistic validation."
"pubmed","42694095","10.3389/fimmu.2026.1932788","Shared Treg dysregulation underlies psoriasis vulgaris and atopic dermatitis through the PHF19-PRC2 epigenetic axis.","Lin, Yiting; Su, Xiaolei; Jin, Mingzhu; Wang, Yuqi; Li, Yaoyao; Zong, Bingquan; Song, Haoran; Lv, Yajie; Liu, Zhenhua; Wang, Gang; Wu, Shengxi","Frontiers in immunology","2026-09-04","https://pubmed.ncbi.nlm.nih.gov/42694095/","BACKGROUND: Psoriasis vulgaris (PV) and atopic dermatitis (AD) are chronic inflammatory skin diseases characterized by distinct dominant T cell subsets, yet emerging evidence suggests overlapping immune mechanisms. Whether a shared Treg abnormality underlies both diseases remains unclear. METHODS: Single-cell RNA sequencing data from lesional T cells of 8 PV, 7 AD, and 7 healthy controls were analyzed. Treg subset identification, trajectory, communication, and enrichment analyses were conducted. Differentially expressed genes from both diseases were intersected and subjected to Mendelian randomization to screen for shared causal genes, followed by interaction mapping, drug prediction, and molecular docking. Findings were validated in Foxp3-tdTomato reporter mouse models of imiquimod-induced psoriasis-like and MC903-induced AD-like dermatitis by flow cytometry and quantitative PCR. RESULTS: A shared Treg triad remodeling pattern was identified: central memory Treg (cmTreg) was almost completely depleted, cycling Treg (Treg-c) expanded, and effector Treg (eTreg) accumulated in both diseases. Pseudotemporal analysis revealed a differentiation coordination defect, with upstream Treg-c shifting prematurely while effector Treg failed terminal maturation. Cell communication analysis identified enhanced MIF-(CD74+CXCR4/CD44) signaling as a shared intercellular remodeling axis, with the network shifting from a cmTreg-centric topology to one jointly centered on Treg-c and eTreg. Mendelian randomization identified seven shared causal genes (PDCD5, PHF19, GNAQ, LRR1, DHX36, TMEM107, FAM200B), with PHF19 serving as a core accessory subunit of PRC2. Molecular docking and in vivo experiments demonstrated that resveratrol binds PHF19, is predicted to activate the PHF19-PRC2-H3K27me3 axis, restores Treg subset homeostasis, and ameliorates skin lesions in both models. CONCLUSIONS: Treg subset remodeling is a shared pathogenic feature, nominating PHF19-targeted activation as a tolerance-restoring therapeutic strategy."
"pubmed","42693967","10.3760/cma.j.cn121430-20260107-00016","[Study on the mechanism of N-acetylcysteine in alleviating oxidative stress by inhibiting the mTOR/HIF-1alpha pathway in chronic obstructive pulmonary disease rats].","Yang, Bofei; Song, Yuwei; Wang, Xixi; Zhang, Lanxi; Qin, Yanqin","Zhonghua wei zhong bing ji jiu yi xue","2026-09-04","https://pubmed.ncbi.nlm.nih.gov/42693967/","OBJECTIVE: To explore the mechanism by which N-acetylcysteine (NAC) regulates the mammalian target of rapamycin/hypoxia-inducible factor-1alpha (mTOR/HIF-1alpha) pathway to intervene in oxidative stress in rats with chronic obstructive pulmonary disease (COPD). METHODS: Thirty-six SD rats were divided into the normal group, COPD model group and NAC treatment group by random number table method, with 12 rats in each group. The COPD rat model was established by cigarette smoke exposure combined with Klebsiella pneumoniae infection for 8 weeks. After the model was prepared, NAC was administered by oral gavage at a dose of 54 mg/kg once daily for 8 weeks. The normal group and the COPD model group were given the same amount of pure water by gavage. The effect of NAC on the pathological changes of lung tissue was observed by hematoxylin-eosin (HE) staining. The content of malondialdehyde (MDA) in serum and lung tissue was detected by the thiobarbituric acid method (TBA), the activity of total superoxide dismutase (T-SOD) in serum and lung tissue was detected by the hydroxylamine method, and the levels of lipid peroxide (LPO) and total antioxidant capacity (T-AOC) in serum and lung tissue were detected by colorimetry. Transcriptomic sequencing was used to analyze differentially expressed genes and predict the potential mechanism by which NAC inhibits oxidative stress in COPD. Molecular docking was used to observe the binding degree of NAC with the key proteins of the mTOR/HIF-1alpha pathway. Western blotting was used to detect the expression of proteins related to the mTOR/HIF-1alpha pathway in the lung tissue. RESULTS: Compared with the normal group, the mean alveolar number (MAN) in lung tissue decreased, the mean linear intercept (MLI) increased, the levels of MDA and LPO in serum and lung tissue increased, the level of T-SOD in serum decreased, and the T-AOC in lung tissue decreased in the COPD model group. Compared with the COPD model group, NAC could improve lung tissue damage in COPD rats, and reduce the levels of MDA and LPO in serum and lung tissue [serum MDA (nmol/mg): 4.10+/-2.27 vs. 8.06+/-1.92, serum LPO (mumol/L): 1.88+/-0.59 vs. 2.88+/-0.82, lung tissue MDA (nmol/mg): 2.58+/-1.11 vs. 4.03+/-1.05, lung tissue LPO (mumol/L): 5.98+/-1.30 vs. 9.74+/-3.58, all P<0.05], increased T-SOD activity in serum (U/mg: 10.80+/-0.53 vs. 9.66+/-0.46, P<0.05). The results of transcriptomic analysis showed that the inhibition of antioxidant stress in COPD by NAC was related to the regulation of the HIF-1alpha pathway. The results of molecular docking showed that NAC had potential binding activity with mTOR, p70 ribosomal protein S6 kinase (p70S6K), and HIF-1alpha. The Western blotting data showed that NAC treatment could reduce the phosphorylation levels of mTOR at Ser2448 and p70S6K at Ser371 in the lung tissue of COPD model rats [p-mTOR/mTOR (relative expression level): 1.46+/-0.31 vs. 2.62+/-0.30, p-p70S6K/p70S6K (relative expression level): 2.15+/-0.25 vs. 3.80+/-0.73, both P<0.05], decreased the expression of HIF-1alpha [HIF-1alpha/GAPDH (relative expression level): 0.82+/-0.22 vs. 1.37+/-0.25, P<0.05]. CONCLUSIONS: NAC can alleviate oxidative stress in COPD rats by inhibiting the mTOR/HIF-1alpha pathway."
"pubmed","42693064","10.19540/j.cnki.cjcmm.20260330.704","[Mechanism study on baicalein inhibiting cervical cancer driven by persistent HPV infection via restoring MAVS-IRF3-IFN-beta mitochondrial antiviral signal].","Chen, Jin; Kang, Heng-Yuan; Jiang, Yu-Han; Chen, Chen-Chen","Zhongguo Zhong yao za zhi = Zhongguo zhongyao zazhi = China journal of Chinese materia medica","2026-09-03","https://pubmed.ncbi.nlm.nih.gov/42693064/","This study aims to investigate the inhibitory effect of baicalein on cervical cancer driven by persistent human papillomavirus(HPV) infection and clarify its regulatory mechanism on the mitochondrial antiviral signaling protein(MAVS)-interferon regulatory factor 3(IRF3)-interferon-beta(IFN-beta) signaling pathway, so as to provide experimental evidence for the clinical transformation of baicalein. AutoDock Vina software was used for molecular docking to predict the binding modes and binding energies of baicalein with MAVS and HPV16 E6 proteins. HPV18-positive HeLa cells and HPV16-positive CaSki cells were cultured in vitro. They were divided into the control group and baicalein groups with low dose(10 mumol.L~(-1)) and high dose(40 mumol.L~(-1)). Meanwhile, the silent MAVS cell model was constructed and divided into the negative control small interfering RNA group(siNC) group, MAVS small interfering RNA(siMAVS) group, siNC + baicalein with high dose(H) group, and siMAVS + baicalein-H group. Cell proliferation and apoptosis were detected by colony formation assay, CCK-8 assay, and flow cytometry. The protein expressions of the MAVS-IRF3-IFN-beta pathway and HPV16 E6 were detected by Western blot. A nude mouse model bearing CaSki cell xenografts of cervical cancer was established and randomly divided into five groups with six mice in each group: model group, baicalein with low dose(L) group(10 mg.kg~(-1)), baicalein-H group(40 mg.kg~(-1)), siMAVS + baicalein-H group, and siMAVS + model group. Modeling and administration were completed after anesthesia with pentobarbital sodium. Tumor volume was detected every three days; tumor tissues were stripped and weighed at the end of the experiment; the expressions of pathway-related proteins and oncoproteins in tumor tissues were detected by immunohistochemistry. The results show that the binding energies of baicalein with MAVS and HPV16 E6 proteins are-6.65 and-8.82 kcal.mol~(-1), respectively, with good binding activity. In in vitro experiments, baicalein inhibits the proliferation of HeLa and CaSki cells and promotes their apoptosis in a dose-dependent manner, significantly up-regulating the protein expressions of MAVS, p-IRF3/IRF3, and IFN-beta, as well as down-regulating the protein expression of HPV16 E6. After MAVS silencing, the in vitro anti-tumor effect and regulatory pathway effect of baicalein are significantly reversed. In in vivo experiments, there are statistically significant differences in tumor volume, tumor weight, and the expression of related proteins among all groups. The tumor volume and weight in the baicalein-L and baicalein-H groups are significantly lower than those in the model group, with the tumor inhibition rates of 47.22% and 73.61%, respectively. The expressions of MAVS, p-IRF3, and IFN-beta in tumor tissues are increased, while the expressions of HPV16 E6 and Ki67 proliferation antigen(Ki67) are decreased. After MAVS silencing, the in vivo tumor inhibition rate of baicalein decreases to 22.22%, and its regulatory pathway effect is significantly weakened. In conclusion, baicalein can directly bind to MAVS and HPV16 E6 proteins and exert an anti-cervical cancer effect driven by persistent HPV infection via activating the MAVS-IRF3-IFN-beta mitochondrial antiviral signaling pathway and inhibiting the function of HPV16 E6 oncoprotein. MAVS is a key target for baicalein to exert its anti-tumor effect."
"pubmed","42692752","10.1016/bs.mie.2026.06.011","Identification of 2,4-dihydroxy-azaflavanone as an allosteric activator of SIRT1 and its potential role in cellular models of Parkinson's disease.","Pant, Chitrakshi; Alli, Vidya Jyothi; Sukumar, Genji; Mohapatra, Abhijit; Jadav, Surender Singh; Pabbaraja, Srihari; Kalivendi, Shasi V","Methods in enzymology","2026-09-03","https://pubmed.ncbi.nlm.nih.gov/42692752/","Mitochondrial dysfunction is one of the significant aspects of Parkinson's disease (PD) pathophysiology, marked by a gradual decline in oxidative phosphorylation, an abnormal increase in free radical species, dysfunctional mitochondrial quality control, and faulty mitochondrial biogenesis. Sirtuin 1 (SIRT1), a NAD(+)-dependent class-III deacetylase, acts as a crucial metabolic sensor that orchestrates transcriptional programs related to mitochondrial biogenesis, respiratory chain assembly, and stress resilience, mainly by way of deacetylation and activation of peroxisome proliferator-activated receptor gamma coactivator-1 alpha (PGC-1alpha). While screening for the small molecule activators, we have identified that 2,4-dihydroxy-Azaflavanone allosterically activates SIRT1. This chapter outlines a detailed, multi-layered methodological framework for assessing the allosteric activation of SIRT1 by 2,4-dihydroxy-azaflavanone and its downstream effects in a cellular models of PD. The validation process involves synthesis of small molecules, molecular docking studies utilizing crystallographic SIRT1 coordinates (PDB: 5BTR), in vitro fluorometric deacetylase assays with recombinant enzyme, and cellular thermal shift assays (CETSA) to confirm direct, isoform-selective target engagement. The activation of downstream pathways is evaluated by immunoblotting and quantitative PCR for PGC-1alpha, TFAM, and quantification of mitochondrial DNA (mtDNA) copy number. Functional restoration of mitochondria in cells is analyzed by assessing the overall mitochondrial bioenergetics parameters using Seahorse extracellular flux analyzer. Overall, this integrated approach offers robust, reproducible results for exploring SIRT1-activators in the mechanisms mediating neurodegenerative disease models."
"pubmed","42692680","10.1016/j.foodres.2026.120266","Identification and structural characterization of a novel antioxidant tripeptide RGW from Rubing whey and its protective effect against oxidative stress.","Zhou, Yanzhengyuan; Shi, Chongying; Dai, Xingying; Ye, Xiaoqin; Zhang, Junlei; Zhao, Cunchao; Aaqil, Muhammad; Xiong, Siwei; Li, Yufang; Wei, Guangqiang; Huang, Aixiang","Food research international (Ottawa, Ont.)","2026-09-03","https://pubmed.ncbi.nlm.nih.gov/42692680/","Rubing whey is a by-product of traditional acid-coagulated goat milk processing in Yunnan and represents a potential source of bioactive peptides, although its low-molecular-weight peptide composition and functional value remain unclear. LC-MS/MS was used to characterize the low-molecular-weight peptide profile of Rubing whey, together with bioinformatics screening, activity validation, structural characterization, stability evaluation, cell-based assays and computational analyses to identify functional short peptides. A total of 2316 peptides were identified. RGW exhibited the strongest radical-scavenging activity among the candidate peptides, with IC(5)(0) values of 0.275 mg/mL and 18.96 mug/mL for DPPH and ABTS(+) radicals, respectively. RGW retained high antioxidant activity after heat, pH and simulated gastrointestinal digestion treatments, showed hemolysis rates below 5%, and alleviated H(2)O(2)-induced decreases in RAW264.7 cell viability and ROS accumulation. Circular dichroism spectroscopy and quantum chemical calculations suggested that the high conformational flexibility of RGW, the electron-donating properties of the Trp indole ring and the exposure of polar sites may contribute to its antioxidant activity. Network pharmacology, molecular docking and molecular dynamics simulations suggested that MAPK1 may be a candidate core node associated with the oxidative stress-protective and inflammation-related effects of RGW, while NFE2L2/Nrf2- and JUN/c-Jun/AP-1-related signaling may be involved in this putative process. These findings provide a candidate sequence for identifying antioxidant short peptides from Rubing whey and for the valorization of this dairy by-product."
"pubmed","42691770","10.1016/j.identj.2026.111096","Single-Cell Atlas of Human Temporomandibular Joint Condyle Identifies MXD4 as a Regulator of Chondrogenesis.","Wang, Liang; Chen, Yiyi; Zhang, Yuxin; Zhao, Nan; Xu, Teng; Liu, Xinmei; Zheng, Jisi; Liu, Dong; Feng, Xingmei","International dental journal","2026-09-03","https://pubmed.ncbi.nlm.nih.gov/42691770/","INTRODUCTION AND AIMS: The temporomandibular joint condyle (TMJC) is essential for mandibular and temporomandibular joint (TMJ) development. However, its cellular and molecular dynamics during human embryogenesis remain poorly understood. METHODS: We constructed a single-cell transcriptomic atlas of the human TMJC spanning five embryonic stages from 12 to 25 gestational weeks (GW12-25). Single-cell RNA sequencing was performed to identify cell types, and Monocle 3 and SCENIC analyses were used to infer developmental trajectories and identify key transcriptional regulators. Candidate regulators were functionally validated using zebrafish models. RESULTS: Single-cell RNA sequencing identified 20 major cell types within the TMJC. Immune cells were sparse at GW19 but expanded markedly by GW22. Trajectory analysis revealed a differentiation pathway from mesenchymal stem cells to chondrocytes. SCENIC analysis highlighted multiple transcription factors regulating distinct cell populations, among which MXD4 was identified for the first time as a candidate transcriptional regulator of cartilage development. Functional studies showed that mxd4 knockout in zebrafish led to craniofacial developmental abnormalities. CONCLUSION: This single-cell atlas provides a comprehensive resource for understanding the cellular and molecular mechanisms underlying TMJC development. MXD4 is identified as a candidate regulator in condylar morphogenesis. CLINICAL RELEVANCE: Preliminary investigation of the potential regulatory role of MXD4 in condylar cartilage formation may provide a theoretical basis for diagnostic, therapeutic, and translational studies of craniofacial malformations associated with condylar hypoplasia."
"pubmed","42691527","10.1016/j.intimp.2026.117339","The active ingredient madecassoside in Huyan no. 1 formula ameliorates D-gal-induced renal aging through the AMPK/MAPK/AP-1 signaling pathway.","Huang, Liyan; Yu, Siyao; He, Yining; Fang, Yunyu; Yan, Weiyi; Wen, Kaizhi; Yin, Xiaofan; Han, Chao; Zhu, Xiaolin; He, Weiming","International immunopharmacology","2026-09-03","https://pubmed.ncbi.nlm.nih.gov/42691527/","BACKGROUND: Renal aging accelerates overall organismal aging. The traditional Chinese medicine formula Huyan I (HY-1) has been shown to slow the decline in kidney function, but its pharmacological mechanism is unclear. This study focuses on its active component, madecassoside (MA), aiming to elucidate how it delays renal aging. METHODS: HY-1 was evaluated in a D-galactose-induced mouse model using renal functional, histopathological, inflammatory, and molecular assessments. Serum-absorbed constituents were characterized by UHPLC-MS/MS and analyzed using network pharmacology, molecular docking, MM/GBSA binding free-energy calculations, and molecular dynamics simulations. The anti-senescent effects of madecassoside (MA) were validated in vivo and in D-galactose-treated HK-2 cells. Transcriptomic sequencing and pharmacological pathway modulation were used to investigate the involvement and hierarchical relationship of the AMPK and MAPK/AP-1 signaling axes. RESULTS: Both HY-1 and MA ameliorated renal pathological injury, improved the expression levels of aging-related proteins (p53, p21, p16), promoted AMPK phosphorylation, and reduced senescence-associated secretory phenotype (SASP) factors (IL-1beta, IL-6, TNF-alpha) in mouse serum, thereby slowing overall aging. MA also reduced intracellular peroxide accumulation in HK-2 cells, restored mitochondrial membrane potential, and improved mitochondrial function. Transcriptomic analysis revealed that MA may exert anti-aging effects by suppressing the MAPK signaling pathway (inhibiting phosphorylation of p38, ERK, JNK) and reducing nuclear phosphorylation of c-Fos and c-Jun, affecting AP-1 transcription factor formation. When AMPK phosphorylation was inhibited, MA's anti-aging effect was abrogated, and MAPK pathway activation was enhanced. CONCLUSION: As the one of the principal active ingredients of HY-1, MA delays renal aging by promoting AMPK phosphorylation to maintain mitochondrial function and reduce peroxide accumulation, while inhibiting the MAPK signaling pathway to decrease AP-1 transcription factor synthesis."
"pubmed","42690754","10.1021/jasms.6c00188","Computational Simulations of Biofilm-Associated Proteins Generated by Pathogenic Escherichia coli Identified by MALDI-TOF-TOF Mass Spectrometry and Top-Down Protein Analysis.","Koirala, Mahesh; Shi, Yanlin; Carter, Michelle Q; Fagerquist, Clifton K","Journal of the American Society for Mass Spectrometry","2026-09-03","https://pubmed.ncbi.nlm.nih.gov/42690754/","Five proteins extracted from bacterial biofilms of a pathogenic Escherichia coli strain were identified by MALDI-TOF-TOF mass spectrometry and top-down protein analysis. They are cold-shock proteins CspC and CspE, DNA-binding proteins HU-alpha and HU-beta and CsgA (the major subunit of curli). The fragmentation efficiency of these singly charged protein ions varied considerably. The pattern of fragment ions obtained from tandem mass spectrometry postsource decay of these protein ions was compared to in silico protein structures obtained using AlphaFold3 to better understand the factors that contribute to their gas phase dissociation as well as their likelihood of unfolding during MALDI sample preparation. Molecular dynamic simulations were performed to calculate the root-mean-square fluctuations (RMSF) of Calpha atoms and root-mean-square deviation (RMSD) of the protein backbone to assess their propensity to unfold/denature during MALDI sample preparation. A molecular dynamics simulation was performed on a curli multimer composed of one CsgB (the minor curli subunit) and five CsgA which showed rapid disintegration of this short curli complex in hexafluoro-isopropanol (HFIP) consistent with experimental observations. Strong hydrogen bonding of HFIP appears to disrupt the intermolecular hydrogen bonds of this amyloid protein complex but does not unfold CsgA monomer because of 138 intramolecular hydrogen bonds present in its solenoidal beta-sheet structure. Finally, electrostatic analysis of the curli complex reveals partitioned regions of positive and negative charge along the fibril axis that may facilitate its assembly."
"pubmed","42690469","10.1007/s10822-026-00936-w","Stable simulations do not guarantee functional engagement: a case study of off-target prediction for Seladelpar and Zanamivir.","Kemp, Rachel; Kean, Thomas J; Medvedev, Kirill E","Journal of computer-aided molecular design","2026-09-03","https://pubmed.ncbi.nlm.nih.gov/42690469/","Identifying off-target interactions of approved drugs is important to anticipate side effects and uncover repurposing opportunities. Computational pipelines combining structural homology, structure prediction, and molecular dynamics (MD) simulations offer a promising strategy, but it remains unclear whether stable, control-like MD trajectories reliably indicate functional engagement. We examined this in a case study of two approved drugs. Using the Evolutionary Classification of Protein Domains (ECOD) framework to select candidate off-targets, we modeled each drug-protein complex as two independent AlphaFold3 models and simulated both by MD, for Seladelpar (a PPARdelta agonist) and Zanamivir, an influenza neuraminidase inhibitor that also inhibits human Sialidase-2 (NEU2). Candidates were ranked by the similarity of global MD descriptors to the on-target control. For Seladelpar, the three top-ranked candidates (FXR, RARgamma, ERRgamma) were tested experimentally; the Zanamivir set was analyzed computationally only. None showed measurable activity in reporter or thermal shift assays, despite stable simulations and descriptor values comparable to the control. Including PPARalpha and PPARgamma as weak-positive comparators, these descriptors did not rank genuine interactions closer to the control than inactive candidates. Residue-level comparison with experimental structures showed the predicted poses reproduced only part of the canonical contacts. Where experimental drug-bound structures existed, AlphaFold3 reproduced the pose for PPARalpha but not PPARgamma, and its per-model confidence did not track pose accuracy. Within this case study, the specific global descriptors examined reflect complex stability rather than functional engagement, which does not mean MD-based approaches cannot make this distinction."
"pubmed","42689976","10.31083/FBL53391","Targeting the HIF-1alpha/IL-1beta Axis in Macrophages With the Novel Inhibitor LJ-6 Mitigates Adipose Tissue Inflammation in Cellular and Ex Vivo Models.","Gao, Min; Liu, Mengyuan; Chu, Anran; Deng, Sisi; Gao, Jingsong; Li, Shasha; Jiang, Dongsheng; Shen, Yuqing; Wang, Xinyue; Lei, Saifei; Wu, Rui; Jiang, Haowen; Li, Jia; Li, Jinlong; Wang, Xinyi; Peng, Chang","Frontiers in bioscience (Landmark edition)","2026-09-03","https://pubmed.ncbi.nlm.nih.gov/42689976/","BACKGROUND: Sustained activation of adipose tissue macrophages (ATMs) drives metabolic dysfunction in obesity, with the hypoxia-inducible factor-1alpha (HIF-1alpha)/interleukin-1beta (IL-1beta) axis being a core signaling pathway. However, specific strategies targeting this axis are still lacking. Here, we aimed to identify novel compounds capable of disrupting this pathway. METHODS: We screened a natural product library for inhibitors of IL-1beta expression in macrophages. The hit compound LJ-6 was then evaluated in lipopolysaccharide (LPS)-stimulated bone marrow-derived macrophages (BMDMs) and in a physiologically relevant model using conditioned medium from obese adipose tissue. Mechanism of action was investigated via Western blotting, molecular docking, dynamics simulations, and hypoxia-response element (HRE)-luciferase reporter assays with site-directed mutagenesis. RESULTS: LJ-6 was identified as a potent inhibitor of IL-1beta. It dose-dependently suppressed IL-1beta in both LPS-induced and obese adipose tissue-conditioned medium-induced macrophage inflammation. Mechanistically, LJ-6 reduced HIF-1alpha protein stability. Molecular docking and mutagenesis studies supported an interaction involving the Tyr92 and His197 residues of HIF-1alpha, and suggested that this interaction is critical for its inhibitory function on the HIF-1alpha/IL-1beta axis. CONCLUSIONS: This study identifies the natural compound LJ-6 as a novel direct inhibitor of HIF-1alpha. By binding to HIF-1alpha, LJ-6 effectively suppresses the HIF-1alpha/IL-1beta axis in macrophages, thereby reducing IL-1beta-driven inflammatory responses in cellular and ex vivo models of obesity-associated adipose tissue inflammation, and thus represents a promising lead compound for therapeutic development."
"pubmed","42689719","10.1021/acsnano.6c09358","Layered Lipid Nanoparticle Adjuvants Coordinate Toll-Like Receptor 4 and Toll-Like Receptor 9 Activation with Enhanced Immunity and Improved Tolerability.","Chen, Haolin; Wang, Ruifeng; Zhang, Zhihui; Yang, Zeyu; Wen, Zhenfu; Li, Liyan; Liu, Zhijia; Fan, Dang; Xu, Yuhua; Li, Ming; Liu, Hong; Liu, Lixin; Chen, Yongming","ACS nano","2026-09-03","https://pubmed.ncbi.nlm.nih.gov/42689719/","Vaccines rely on adjuvants to stimulate the immune system, but achieving strong immune activation together with acceptable tolerability remains a major challenge. Lipid nanoparticles are widely used as delivery platforms, yet how their internal organization can be engineered to coordinate multiple innate immune signals remains poorly understood. Here, we designed a hybrid lipid nanoparticle adjuvant that coformulates two clinically relevant immune stimulators targeting toll-like receptor 4 (TLR4) and TLR9. By blending two ionizable lipids, the nanoparticles self-assemble into a layered structure with a raft-associated ordered outer shell and an inner core, with apparent enrichment of monophosphoryl lipid A (MPLA) toward the particle surface and CpG toward the interior, as suggested by our experimental and simulation analyses. This organization is consistent with a relay-like activation pattern that may contribute to strong immune responses while potentially reducing early inflammatory reactions. The hybrid adjuvant enhances antibody quality, cellular immunity, and protective efficacy under the tested conditions, across multiple vaccine antigens and animal models, with performance comparable to or exceeding benchmark adjuvants. These findings suggest that controlling nanoscale lipid organization provides a useful strategy for improving vaccine adjuvant performance."
"pubmed","42689533","10.1021/acs.biochem.6c00048","Designed NIR-I Emissive and Selective G-Quadruplex DNA Binder with Altered Organelle Specificity.","Metangle, Sachin; Gupta, Harikesh Kumar; Das, Nabanita; Tiwari, Ratnesh; Ranjan, Nihar","Biochemistry","2026-09-03","https://pubmed.ncbi.nlm.nih.gov/42689533/","In this work, we report the discovery of a G-quadruplex DNA-selective and near-infrared (NIR-I) emissive G-quadruplex binder derived from a known styryl-quinolinium-based compound. This molecule is unique in its class, with an emission wavelength above 800 nm, and displays selective G-quadruplex binding. Among the synthesized molecules, compound 2 emerged as a selective and the best G-quadruplex binder through comparative studies and exhibited strong thermal stabilization on Pu22 G-quadruplex with a DeltaTm of 21.7  degrees C (at a 1:3 DNA to ligand ratio). G-quadruplex DNA-binding studies showed that thermal stabilization was topology-dependent. CD, UV-vis, and docking studies were performed to confirm the binding of these compounds to the different G-quadruplexes. Solution NMR studies confirmed the binding of compound 2 to the Pu22 G-quadruplex DNA. Cell-based studies showed that compound 2 was significantly cytotoxic to MCF-7 cancer cells and was readily taken up by the cells. However, cell internalization studies showed contrasting changes in the internalization properties, with compound 2 displaying a significant population on the nuclear periphery, which was altogether different from its parent compound 1, which did not show such changes."
"pubmed","42689360","10.1002/cbdv.71668","Iron(II) and Copper(II) Ions Modulating Binding Interaction of Sugar-Based Silatrane With DNA: Analytical and Theoretical Validation.","Singh, Gurjaspreet; Pawan; Mohan, Brij","Chemistry & biodiversity","2026-09-03","https://pubmed.ncbi.nlm.nih.gov/42689360/","Research on molecular systems capable of interacting with DNA through binding, modification, or cleavage remains important in medicinal chemistry. In this study, we report the design and synthesis of a new D-glucamine-based Schiff base containing a triazolyl silatrane probe (6) and its Fe(II) and Cu(II) complexes, followed by investigation of their interactions with calf thymus DNA (CT-DNA). The synthesized ligand and its metal complexes were characterized by elemental analysis, FT-IR, UV-vis spectroscopy, ESI-MS, and NMR spectroscopy ((1)H and (13)C for the free ligand). DNA-binding properties were evaluated by UV-vis absorption spectroscopy, ethidium bromide (EtBr) displacement fluorescence assays, and molecular docking studies. The combined experimental and computational results indicate that ligand 6 interacts predominantly with CT-DNA through groove binding, whereas complexation with Fe(II) or Cu(II) enhances DNA-binding affinity and modulates the interaction toward a mixed groove-binding/intercalative mode. The higher binding constants, enhanced fluorescence quenching, and favorable docking interactions observed for the metal complexes support this metal-induced modulation of DNA-binding behavior. Overall, the findings demonstrate that metal complexation can tune both the strength and mode of DNA binding, highlighting a potential strategy for designing silatrane-based metal complexes with DNA-targeting applications."
"pubmed","42689139","10.3389/fpls.2026.1924558","Hormone priming and metabolic engineering of phytohormone crosstalk in rice under combined biotic and abiotic stresses: a multi-omics perspective for climate-resilient crop development.","Shuixing, Zhu; Jing, Zhu; Alshehri, Dikhnah; Al-Amrah, Hadba; Manzoor, Irfan; Aiying, Yu","Frontiers in plant science","2026-09-03","https://pubmed.ncbi.nlm.nih.gov/42689139/","Rice (Oryza sativa L.) is the caloric backbone for more than half of humanity, yet it remains one of the most vulnerable crops to the simultaneous biotic and abiotic stresses exacerbated by climate change. Phytohormone priming and the complex crosstalk networks governed by transcription factor hubs like WRKY, MYB, and NAC serve as the central adaptive mechanism for stress resilience. This review synthesizes how multi-omics integration, including spatial and single-cell transcriptomics, is resolving the molecular architecture of hormonal priming and epigenetic stress memory. We critically evaluate advanced metabolic engineering and genome-editing strategies such as CRISPR-Cas9, base/prime editing, and synthetic gene circuits that enable precision modifications to decouple stress tolerance from historical yield penalties. Furthermore, we discuss the emerging roles of microbiome-assisted priming via synthetic consortia and the application of artificial intelligence and digital twins (continuously updated computational models of crop physiology) for predictive stress management. By integrating these diverse technological pillars, we propose a systems-level roadmap for developing climate-resilient rice cultivars capable of maintaining yield stability across a volatile combinatorial stress landscape. This synthesis provides a framework for translating mechanistic hormonal insights into field-applicable cultivars to ensure global food security."
"pubmed","42688282","10.12182/20260760105","[Systemic Reprogramming of Cellular Senescence: Coordinated Regulation of Metabolism, Epigenetics, and Proteostasis].","Zheng, Yulin; Liu, Qian; Wang, Ruihong; Sun, Chongkui","Sichuan da xue xue bao. Yi xue ban = Journal of Sichuan University. Medical science edition","2026-09-03","https://pubmed.ncbi.nlm.nih.gov/42688282/","Cellular senescence has long been considered an irreversible process. However, recent breakthroughs in partial cellular reprogramming have demonstrated that senescent cells maintain a metastable state amenable to resetting. This review outlines a systemic framework for anti-aging interventions that integrate three core dimensions. First, metabolic reprogramming through the elevation of nicotinamide adenine dinucleotide (NAD(+)) levels provides the energetic and coenzymatic foundation necessary for a systemic reset. Second, spatiotemporally controlled epigenetic resetting, mediated by Oct4-Sox2-Klf4-c-Myc (OSKM) factors or small molecules, restores youthful transcriptional programs without compromising cellular identity. Third, the restoration of proteostasis via the autophagy-lysosome and ubiquitin-proteasome systems serves as the critical execution mechanism that eliminates damaged biomaterials and ensures the proper folding of newly synthesized proteins. Despite these advances, the research field still faces major challenges, including the lack of a clearly defined therapeutic window for safe reprogramming, limited efficiency of tissue-specific delivery, and insufficient evidence regarding the long-term safety of therapeutic interventions. Future studies should focus on integrating single-cell omics, DNA methylation clocks, and artificial intelligence-assisted analyses to establish precision-based evaluation metrics for evaluating cellular rejuvenation. In addition, the development of next-generation delivery platforms, including lipid nanoparticles (LNPs) and engineered exosomes, will facilitate precision-based regulation of multi-level synergistic interventions. Ultimately, anti-aging medicine is evolving from single-pathway interventions toward a comprehensive paradigm of systemic reprogramming driven by the multi-axial synergy of metabolism, epigenetics, and proteostasis."
"pubmed","42688002","10.3389/fcimb.2026.1860417","Cutaneous papillomaviruses infection rewires fatty-acid metabolism.","Liu, Xiaoyan; Li, Dan; Cai, Fangzhou; Li, Yan; Wang, Wei; Liao, Junhua; Shan, Shijun","Frontiers in cellular and infection microbiology","2026-09-03","https://pubmed.ncbi.nlm.nih.gov/42688002/","BACKGROUND: Cutaneous warts are common HPV-induced lesions with limited treatments for recalcitrant cases. Fatty-acid metabolism (FAM) maintains epidermal homeostasis, but whether papillomavirus infection actively suppresses FAM programs and whether restoring FAM-related regulators can modulate keratinocyte dysfunction remain unclear. METHODS: We established a murine MmuPV1 wart model and performed bulk RNA-seq. FAM-related DEGs were identified via network analysis and machine learning. Immune infiltration was assessed by CIBERSORT. In vitro validation used HPV16 E6/E7-transfected HaCaT cells. RESULTS: Transcriptome analysis revealed significant suppression of FAM pathways in wart lesions. Four key FAM-related differentially expressed genes (Nr1h3, Dgat1, Scd1, and Fabp4) were identified from RNA-seq-based bioinformatic analyses and further supported by in vitro E6/E7-related expression assays. In vitro, HPV16 E6/E7 expression reduced these genes in HaCaT keratinocytes. NR1H3 overexpression partially attenuated E6/E7-induced proliferation and differentiation abnormalities, lipid-droplet accumulation, and IL-6/CCL2 secretion, with partial restoration of ABCA1 expression and inhibition of NF-kB activation. CONCLUSIONS: Papillomavirus infection is associated with coordinated suppression of FAM-related programs. NR1H3, Dgat1, Scd1, and Fabp4 represent candidate metabolic regulatory nodes; their therapeutic relevance requires further in vivo validation."
"pubmed","42687568","10.1111/ede.70059","Cross-Kingdom Structural Conservation and Diversification of Homeodomains Across Major Eukaryotic Lineages.","Buarante, Gloria Elisabeth; Damayanti, Ema; Kurniatin, Popi Asri; Setyawati, Inda; Riffiani, Rini","Evolution & development","2026-09-03","https://pubmed.ncbi.nlm.nih.gov/42687568/","Homeodomain transcription factors share an ancient helix-turn-helix DNA-binding core yet regulate diverse developmental and reproductive programs across eukaryotes. We curated 355 nonredundant homeodomain structures spanning fungi, animals, and plants, including 118 experimental PDB entries and 237 high-confidence AlphaFold2 models, and performed large-scale structural comparisons using DaliLite5. Structural distances were summarized as a clustering tree visualized in iTOL and interpreted through topology-guided PyMOL superpositions and sequence-logo mapping of conserved positions. Across kingdoms, the canonical three-helix HTH geometry and the recognition-helix framework were strongly conserved, whereas structural diversification was concentrated in interhelical loops, terminal regions, linker segments, and lineage-specific auxiliary modules. Fungal mating-type homeodomains and major animal classes retained conserved recognition-helix architecture despite sequence divergence, while plant WOX, ZF-HD, PHD-associated, and SAWADEE-associated architectures illustrated modular expansion for developmental and chromatin-context integration."
"pubmed","42687245","10.1080/16078454.2026.2724212","Integrative bioinformatic analysis delineates a mitochondrial-hematopoietic gene signature for diagnosis and immune characterization in myelodysplastic syndromes.","Liu, Xianchuan; Zhang, Hong; Li, Xiangzhu","Hematology (Amsterdam, Netherlands)","2026-09-03","https://pubmed.ncbi.nlm.nih.gov/42687245/","OBJECTIVE: This study aimed to develop a mitochondrial and hematopoiesis-related differentially expressed genes (MH-related DEGs) signature for Myelodysplastic syndromes (MDS) diagnosis and to characterize its regulatory network and immune microenvironment. METHODS: MH-related DEGs were defined as the intersection of differentially expressed genes from three integrated microarray datasets (GSE145733, GSE19429, GSE81173) with a curated set of mitochondrial- and hematopoiesis-related genes from public databases. Functional enrichment, machine learning (logistic regression, support vector machine, LASSO), regulatory network (transcription factors, miRNA, RNA-binding proteins, and drug targets), immune infiltration characterization (ssGSEA), and RT-qPCR assessment were performed. RESULTS: Twenty-nine MH-related DEGs were identified, significantly enriched in MAPK and PI3K-Akt pathways. A 17-gene diagnostic signature showed high accuracy for MDS detection (AUC = 0.963). FGF2 was the highest-weighted predictor, with upregulation supported by RT-qPCR (p < 0.05), and potentially regulated by RUNX1 and miR-15/16/195/424/497 family. Valproic acid was predicted to be associated with multiple signature genes. Two MDS clusters with distinct immune infiltration patterns were identified, where CREB1 correlated with effector memory CD4 T cells in Cluster 1 (r = 0.461), while KITLG correlated with T follicular helper cells in Cluster 2 (r = 0.546), potentially co-regulated by the miR-27. DISCUSSION: This study proposes a mitochondrial-hematopoietic regulatory axis in MDS, with FGF2 as a candidate hub. The clusters and valproic acid prediction offer insights into advancing personalized diagnostics and combination therapy in MDS. CONCLUSION: We developed a candidate signature requiring further validation and uncovered regulatory interactions linking mitochondrial dysfunction to immune dysregulation in MDS."
"pubmed","42686781","10.1038/s41467-026-76393-8","Truncated Gpr114-based ultrasound-hypersensitive gene circuit for controlled expression of therapeutics.","Wu, Pengying; Lai, Yubo; Liu, Yang; Li, Zihang; Liu, Zhaoyou; Wang, Lantian; An, Jieyuan; Liu, Yunnan; Wei, Shuzhe; Sun, Yue; Yang, Guodong; Yuan, Lijun","Nature communications","2026-09-03","https://pubmed.ncbi.nlm.nih.gov/42686781/","Sonogenetic holds great potential for modulating cellular functions and behaviors. However, developing hypersensitive ultrasound (US)-responsive receptors remains a substantial challenge. Here, we combine AlphaFold3 prediction with molecular dynamics simulations to identify a hypersensitive Gpr114 protein variant (T-Gpr114) that responds to short-pulse US stimulation for activation. We further design sonogenetic macrophages (MPhi) by fusing T-Gpr114 to a synthetic genetic circuit, this circuit initiates expression of the transcription factor ID3 upon short-pulse US treatment. In vivo assays using female tumor-bearing mice demonstrate that sonogenetic-MPhi suppress tumor growth with no obvious systemic toxicity, and exhibit enhanced anti-tumor efficacy relative to cells with constitutive ID3 expression. Single-cell RNA sequencing reveals that sonogentic-MPhi potentiate the recruitment recruitment of CD8(+) T cells compared with constitutive ID3-overexpressing macrophages. In this work, this T-Gpr114-based US-hypersensitive gene circuit extends the scope of remote control over the activation of diverse cell types, thereby facilitating the programming of therapeutic cells."
"pubmed","42683046","10.1039/d6sc04510c","Creating a non-native bio-amidation activity in asparagine synthetase via biosensor-guided directed evolution for the synthesis of (S)-2-aminobutyramide.","Lai, Qianpeng; Meng, Yiwei; Liu, Zhongmei; Han, Laichuang; Guo, Junling; Peplowski, Lukasz; Cheng, Zhongyi; Zhou, Zhemin","Chemical science","2026-09-02","https://pubmed.ncbi.nlm.nih.gov/42683046/","The direct asymmetric synthesis of chiral amides remains a focal point in green manufacturing, particularly for (S)-2-aminobutyramide whose traditional production is often hampered by low atom economy and arduous chiral resolution steps. Here, we report the creation of a non-native bio-amidation activity in Escherichia coli asparagine synthetase A (AsnA) for the proof-of-concept one-step biosynthesis of (S)-2-aminobutyramide, a critical intermediate for anti-epileptic drugs. To overcome the bottleneck of high-throughput screening, we engineered the AmiC-AmiR transcription factor into a highly sensitive biosensor (RC-4-Y83H) by remodeling its ligand-binding pocket, achieving a 23-fold induction response specifically toward (S)-2-AB. Utilizing this biosensor to screen saturation mutagenesis libraries, we identified an evolved variant (K77L/E120L/R255W) that showed a reversed substrate preference between the two substrates tested, converting (S)-2-aminobutyric acid to (S)-2-AB with retention of configuration. Molecular dynamics simulations and free-energy landscape analysis reveal that the mutations fundamentally remodel the active site, inducing a 180 degrees  flip of the substrate binding mode. This structural reorientation positions the non-native carboxyl group in a catalytically productive geometry relative to ATP, a conformation inaccessible in the wild-type enzyme. As a proof of concept, this work does not aim to deliver an industrially competitive biocatalyst; instead, it shows that the specificity of a native amide-forming enzyme can be reprogrammed toward a non-native alpha-amino acid, and it provides a generalizable, biosensor-guided framework for such reprogramming."
"pubmed","42682498","10.3389/fendo.2026.1903580","Empagliflozin attenuates AGE-BSA/high-glucose-induced inflammation in C2C12 myotubes associated with suppression of the RAGE/NF-kappaB pathway.","Zhang, Xiaoying; Mao, Yu; Wu, Jiaxing; Deng, Xinyu; Wang, Huanhuan; Kang, Zhiqiang","Frontiers in endocrinology","2026-09-02","https://pubmed.ncbi.nlm.nih.gov/42682498/","INTRODUCTION: Empagliflozin is an established sodium-glucose cotransporter 2 inhibitor with reported anti-inflammatory activity, but its effects on advanced glycation end product/high-glucose-induced inflammatory injury in skeletal muscle cells remain unclear. METHODS: A GEO-derived transcriptomic dataset from gastrocnemius muscle of type 2 diabetes mellitus rats was analyzed to screen pathways associated with diabetes-related skeletal muscle injury, and molecular docking was performed to explore the possible structural compatibility between empagliflozin and RAGE. Differentiated C2C12 myotubes were exposed to AGE-BSA under high-glucose conditions and treated with empagliflozin. Cell viability was assessed using CCK-8, and RAGE, NF-kappaB, IL-6, and TNF-alpha were evaluated by qRT-PCR, Western blotting, immunofluorescence, and ELISA. RESULTS: Bioinformatic enrichment highlighted AGE-RAGE signaling and inflammation-related NF-kappaB pathways in diabetic skeletal muscle. Molecular docking provided a computational structural hypothesis suggesting possible compatibility between empagliflozin and human RAGE involving Asp160. In AGE-BSA/high-glucose-stimulated C2C12 myotubes, empagliflozin improved cell viability and was accompanied by reduced RAGE expression, lower NF-kappaB phosphorylation and immunofluorescence-based nuclear accumulation, and lower IL-6 and TNF-alpha expression and secretion. DISCUSSION: Empagliflozin attenuates AGE-BSA/high-glucose-induced inflammatory injury in C2C12 myotubes, and this effect is associated with reduced activation of RAGE/NF-kappaB-related inflammatory signaling. Further gain- or loss-of-function experiments and validation in diabetic animal models are required to determine whether this pathway is causally involved and whether the observed cell-based effect can be translated into an in vivo setting."
"pubmed","42682403","10.1097/JS9.0000000000005112","Potential of RAD51C as a hub gene and therapeutic target in bladder cancer: insights from bioinformatics and experimental analysis.","Xiao, Ying; Zhang, Xiang; Xie, Zhe; Tao, Li; Jin, Xingwei; Wang, Xianjin; Liu, Boke; Zhou, Xuejian; Pan, Junwei; Shao, Yuan","International journal of surgery (London, England)","2026-09-02","https://pubmed.ncbi.nlm.nih.gov/42682403/","BACKGROUND: The global incidence of tumors is rising sharply. Immune checkpoint inhibitors (ICIs) represent the mainstream of immunotherapeutic approaches. Despite the remarkable clinical benefits of immunotherapy in various tumors, ICIs resistance remains an urgent challenge to be addressed. The transcription factors cAMP response element-binding protein 1(CREB1) and c-Jun converge to regulate oncogenesis and immune modulation. METHODS: Based on the 'CREBP1CJUN_01' gene set from the Molecular Signatures Database and single-cell RNA sequencing data, we identified 116 CREB-c-Jun transcription factor target-related differential genes (CR.Sig) and refined to 20 CREB-c-Jun transcription factor target-related important feature genes (Hub-CR.Sig) through multi-algorithm machine learning. This Hub-CR.Sig enabled prognostic risk modeling, molecular subtyping of bladder cancer, and somatic mutation stratification. RESULTS: Among these 20 signatures, RAD51C emerged as a top-ranked driver that was correlated with advanced T/N/M stages, associated with poor survival outcomes and is highly expressed in bladder cancer tissues. Functional assessment revealed that RAD51C knockdown suppressed bladder cancer cell proliferation, invasion, migration, and DNA repair capacity in vitro, while also reducing tumor formation in vivo. RNA sequencing analysis implicated the enrichment of JAK-STAT signaling pathways. Meanwhile, we identified an additional type of RAD51C(+) fibroblast that was significantly associated with the depth of tumor invasion. CONCLUSIONS: The study establishes the Hub-CR.Sig as an immunotherapy response classifier and nominates RAD51C targeting as a promising therapeutic strategy for bladder cancer."
"pubmed","42682293","10.1097/JS9.0000000000004270","Single-cell mapping of tumor-driven macrophage reprogramming via ETV4-MC1R underlies immunotherapy resistance in colorectal cancer.","Liang, Rui; Zhang, Yang; Xing, Lu; Wang, Wenbin; Li, Yunfeng; Shen, Tao; Cai, Xinyi; Yang, Zhaoyu; Li, Jibiao; Yang, Xiaotao; Zhang, Xuan; Wu, Tao","International journal of surgery (London, England)","2026-09-02","https://pubmed.ncbi.nlm.nih.gov/42682293/","BACKGROUND: Immunotherapy resistance remains a major clinical challenge in advanced microsatellite instability-high (MSI-H) colorectal cancer (CRC), and the underlying gene regulatory networks (GRNs) distinguishing PD-1-resistant from PD-1-sensitive tumors are poorly defined. METHODS: We performed single-cell RNA sequencing on tumor samples from three PD-1-resistant and three PD-1-sensitive MSI-H metastatic CRC patients. Resistance-associated transcription factors were identified by integrating machine learning-based prognostic modeling with GRN reconstruction. Bioinformatic findings were functionally validated using dual-luciferase reporter assays, chromatin immunoprecipitation, and in vitro co-culture experiments. Furthermore, the therapeutic efficacy of co-targeting the ETV4-MC1R axis with anti-PD-1 treatment was evaluated in vivo. RESULTS: Several transcriptional regulators were highly active in resistant tumors, among which the transcription factor ETV4 was markedly upregulated in malignant epithelial cells and played a central role. A prognostic model based on ETV4 downstream target genes effectively stratified CRC into subtypes with distinct outcomes. Transcriptome-wide correlation analysis revealed a strong positive association between ETV4 expression and macrophage markers. Mechanistically, we identified MC1R as a critical downstream target of ETV4 mediating resistance. Functional assays confirmed direct binding and activation of the MC1R promoter by ETV4. Co-culture experiments demonstrated that ETV4-high CRC cells promoted macrophage polarization toward an immunosuppressive M2 phenotype via the MC1R pathway. In vivo validation showed that combining ETV4-MC1R targeting with anti-PD-1 therapy significantly reduced tumor volume by 55.6% compared to anti-PD-1 monotherapy (P < 0.05). CONCLUSION: This study reconstructs the regulatory network underlying PD-1 resistance in CRC at single-cell resolution and reveals a novel tumor-intrinsic ETV4-MC1R signaling axis that drives M2 macrophage polarization and immune evasion. Targeting this pathway presents a promising combination strategy to overcome immunotherapy resistance in CRC."
"pubmed","42682200","10.1093/g3journal/jkag230","Leveraging human-trained neural networks for cross-species chromatin regulation annotations.","Maillard, Noemien; Demars, Julie; Mourad, Raphael","G3 (Bethesda, Md.)","2026-09-02","https://pubmed.ncbi.nlm.nih.gov/42682200/","Analogous to the Encyclopedia of DNA Elements (ENCODE) project, the Functional Annotation of ANimal Genomes (FAANG) consortium has produced chromatin annotations for domesticated animals, albeit in smaller amounts. Although acquiring experimental data is more accessible and affordable for many species, human and mouse organisms will remain the reference. Classical methods based on sequence conservation can be used to infer missing annotations, but are inappropriate for non-conserved sequences. While regulatory sequences share low to moderate conservation, they have retained their regulatory function during the evolution process. Here, we take advantage of three neural networks (DeepBind, DeepSEA, and Enformer) trained with human and mouse ENCODE data to infer chromatin annotations (transcription factors binding, chromatin accessibility, and histone marks) in cattle, pig, chicken, and European seabass. For this purpose, we comprehensively assessed the quality of predictions using experimental data from FAANG, through AUC-ROC and AUC-PR metrics. Our results showed low variability between tissues and similar performances for various annotations in mammals and chicken, with AUC-PR ranging from 0.663 +/- 0.010 (chicken) to 0.765 +/- 0.009 (pig) for the best predicted experiment, H3K4me3 (all tissues grouped), but lower (0.238 +/- 0.005) in fish. Further analyses focused on pigs highlighted (i) accurate predictions even for non-conserved sequences, and (ii) variable predictions depending on genomic feature annotations. Our results advocate the widespread use of human-trained neural networks as a first step in cross-species genome annotation before training species-specific models."
"pubmed","42680997","10.1007/978-1-0716-5408-8_12","A Dynamic Boolean Model of the Mammalian Cell Cycle: Enhanced Robustness and Mutational Analysis.","Alsharaiah, Mohammad Abdallah; Samarasinghe, Sandhya; Kulasiri, Don","Methods in molecular biology (Clifton, N.J.)","2026-09-02","https://pubmed.ncbi.nlm.nih.gov/42680997/","The mammalian cell cycle is a tightly regulated process driven by cyclins, their regulators. While previous Boolean models captured certain aspects of cell cycle dynamics, they suffered from incomplete coverage of key regulatory proteins and limited temporal realism. Here, we present an improved Boolean model of the mammalian cell cycle core control system. The model incorporates a complete set of 13 essential elements, including cyclins (D, E, A, B), their transcription factors (Myc, TFE, TFB), inhibitors (p27, Rb), ubiquitin-mediated degraders (SCF, CDH1, CDC20A, CDC20B). We also introduce synchronous, asynchronous updating schemes with realistic time delays for protein activation, enabling a more accurate temporal representation of cell cycle progression. Simulation results reveal two principal attractors: a stable G0 attractor, a 20-state limit cycle attractor representing realistic phase transitions of the cell cycle. Robustness, sensitivity analyses demonstrate that the system is highly resilient, while mutation studies highlight vulnerabilities-particularly that overexpression of certain regulators halts cell cycle progression more frequently than knockouts. This chapter provides detailed modeling steps, Boolean logic formulations, simulation procedures, and mutation experiments. Possible extensions of the model are also provided, along with some guidance on implementing and troubleshooting Boolean models for cell cycle analysis."
"biorxiv","10.64898/2026.08.30.748136","10.64898/2026.08.30.748136","Retrieval of binding sites across the AlphaFold human proteome using protein language model representations","Keshav Mohan; Yash Bhargava","bioRxiv","2026-09-03","https://www.biorxiv.org/content/10.64898/2026.08.30.748136","Protein language models (PLMs) provide powerful representations of protein sequence, but their utility for proteome-scale binding-site retrieval remains unclear. Here, we present PocketScope, a training-free framework that represents cavity-lining residues using frozen ESM-C 600M embeddings and retrieves related binding sites through exhaustive lateinteraction MaxSim, without pooling or approximate nearest-neighbor search. PocketScope identified 153,805 cavities across 37,682 proteins in the AlphaFold human proteome and recovered documented drug off-targets across a curated set of pharmacological pairs. On the ProSPECCTs benchmark, PocketScope ranks 1st of 23 methods by mean rank across the ten collections. PocketScope provides a practical framework for proteome-scale off-target prediction. PocketScope is open source and also freely available as a web server at https://www.bhargavaresearch.org/pocketscope ."
"biorxiv","10.64898/2026.09.07.749737","10.64898/2026.09.07.749737","A Unified Structure-Based Deep-Learning Framework for High-Throughput Screening of Protein-Binding RNAs","yihao zhao; jing han; jike wang; jianfeng chu; yu kang; tingjun hou","bioRxiv","2026-09-08","https://www.biorxiv.org/content/10.64898/2026.09.07.749737","Protein-RNA interactions regulate diverse biological processes and are increasingly exploited in therapeutic RNA discovery, but accurate inferences of nucleotide preferences and reliable structure prediction remain challenging. Here, we present PRIS, a unified structure-based deep-learning framework that combines two complementary components: PRISeq for nucleotide probability estimation at each RNA position and PRIScore for residue-nucleotide distance prediction to discriminate native-like from incorrect poses. Both share a feature extractor that integrates an Anti-Symmetric Graph Attention Network (A-GAT) with sparse k-Maximum Inner Product (k-MPI) attention to capture long-range interactions across large graphs. PRIScore improves the selection of native-like protein-RNA predictions generated by AlphaFold3, achieving a top-1 success rate of 81.91% on a docking benchmark, compared to 79.26% for AlphaFold3. The selected structures are then fed into PRISeq, which infers position-specific binding preferences and screens RNA libraries. On a PWM benchmark, PRISeq achieved a mean absolute error (MAE) of 0.75, outperforming FoldX, Rosetta-based scoring functions, and NA-MPNN. In virtual screening against MS2 protein, PRISeq screens 129,248 RNA hairpins within 11.95 seconds, achieving the highest EF0.5% of 14.40, approximately double the best baseline. PRIS also effectively enriches active aptamers against NELF-E and GFP while preserving sequence diversity. By integrating structure selection with binding-preference inference, PRIS provides an efficient framework for large-scale RNA library screening and aptamer design."
"biorxiv","10.64898/2026.09.02.748901","10.64898/2026.09.02.748901","SOX2 can associate with chromatin directly by binding to DNA or indirectly via association with other chromatin-bound proteins","Briana D. Ormsbee Golden; Kabhilan Mohan; Ethan P Metz; Phillip J Wilder; Jimmie Persinger; Soumi Basu; Daisy V. Gonzalez; Tahir H. Tahirov; Donald W. Coulter; Sandipan Brahma; Angie Rizzino","bioRxiv","2026-09-03","https://www.biorxiv.org/content/10.64898/2026.09.02.748901","It is widely assumed that SOX2 regulates gene expression and facilitates the opening of chromatin by binding directly at SOX motifs. To test this assumption, we created a SOX2 DNA binding mutant to determine whether other regions of SOX2 contribute to gene target specificity. When exogenously expressed in cells, this SOX2 mutant [SOX2(G76P)], like elevated unmodified SOX2, dramatically alters the transcriptome, but it does so by regulating vastly different gene sets and gene networks than SOX2. Consistent with their differential effects on the transcriptome, ChIP-seq analysis demonstrates that SOX2 and SOX2(G76P) associate primarily with different genomic loci, and motif analysis indicates that SOX2 binds primarily at SOX motifs, whereas SOX2(G76P) associates with chromatin at non-SOX motifs, including AP-1 motifs. Additionally, ATAC-seq analysis indicates that SOX2 substantially increases chromatin accessibility, but SOX2(G76P) does not. The findings presented lead to the conclusion that SOX2(G76P) associates with chromatin indirectly by a “piggyback” mechanism through its association with other chromatin-associated proteins, including AP-1 complexes. Remarkably, we also show that SOX2 and SOX2(G76P) each associate with a subset of the same gene loci that contain several different DNA motifs, including AP-1 motifs, but no high confidence SOX motifs. Overall, our findings provide new perspectives on SOX2 and lead to two important conclusions: 1) selection of gene targets by SOX2 is not solely determined by its DNA binding domain, and 2) SOX2 not only associates with chromatin directly by binding to SOX motifs but can also associate with a subset of gene loci indirectly through its association with other chromatin-associated proteins."
"biorxiv","10.64898/2026.08.28.747924","10.64898/2026.08.28.747924","ABF2 and bZIP2 remodel root system architecture under combined phosphate deficiency and salinity in Arabidopsis","Salinas-Grenet H; Johnson N; Ibeas M; Moyano T; Pérez-Díaz J; Achá-Escobar R; Ahumada-Langer L; Kim A; Berdion Gabarain V; Vásquez-Marambio G; Perrimon N; Álvarez J; Estevez J","bioRxiv","2026-09-03","https://www.biorxiv.org/content/10.64898/2026.08.28.747924","Climate change is degrading arable soils and imposing chronic abiotic stress on plants. As the primary interface with the soil, the root system is especially vulnerable, and plants respond by remodelling their root system architecture (RSA). Most studies have examined single stresses in isolation and so fail to capture the multifactorial environments in which plants actually grow. Rising salinity impairs development by compromising cellular integrity and triggering cytotoxic responses, and it simultaneously restricts uptake of phosphorus, a macronutrient required for nucleic acid and protein synthesis. Combined stresses can amplify these effects, yet how plants adjust RSA to cope with them remains poorly understood. Here we performed a meta-analysis of public transcriptomic datasets for salinity and phosphate deficiency in Arabidopsis thaliana. Integrating these data with protein-protein interaction modelling and DNA-binding (DAP-seq) analyses, we identified two basic leucine zipper transcription factors, ABF2 and bZIP2, as candidate integrators of the combined-stress response. Characterization of abf2 , bzip2 and double mutants revealed RSA alterations and allowed us to identify downstream targets of each factor. Our findings offer new insight into root adaptation under combined stress and represent one of the few comprehensive analyses of how multiple abiotic stressors jointly shape root development and plant fitness. <h4>Highlight</h4> Data mining of public transcriptomes, network inference and AlphaFold-Multimer screening identify ABF2 and bZIP2 as interacting regulators of root remodelling under combined stress."
"chemrxiv","10.26434/chemrxiv.15008482/v1","10.26434/chemrxiv.15008482/v1","Explainable ML force-field for evaluating protein–ligand binding energy using SO3LR","Hamza Agha; Sergio Suárez-Dou; Adil Kabylda; Alexandre Tkatchenko; Andrea Volkamer","ChemRxiv","2026-09-08","https://doi.org/10.26434/chemrxiv.15008482/v1","Accurate estimation of protein–ligand binding affinities remains central to structure-based drug design. Classical force fields neglect important quantum-mechanical effects, while quantum mechanical and semi-empirical methods remain impractical for large biomolecular systems. Machine-learned force fields (MLFFs) offer an alternative, but their performance may be inflated by training on protein–ligand complexes. Here, we introduce SO3LR-SF, a physics-based scoring function built on the pretrained SO3LR MLFF, combining an equivariant message-passing network for semi-local interactions with physically motivated terms for short-range repulsion, electrostatics, and long-range dispersion. Built on an MLFF that was not trained on protein–ligand complexes, SO3LR-SF provides a stringent test of transferability. On PLA15 (15 active-site models), SO3LR-SF attains a relative interaction error of 5.8% against DLPNO-CCSD(T) references, the lowest of all tested methods. On the FEP benchmark (8 targets, 264 ligands), SO3LR-SF achieves an average Spearman correlation of 0.51, on par with the best semi-empirical quantum-mechanical method tested (0.47, GFN-FF) and with MMGBSA (0.44), and surpassing Glide (0.27). On the Wang dataset (8 targets, 199 ligands), it reaches 0.51, approaching the 0.60 average of molecular dynamics-based free-energy methods at a fraction of their cost. Each complex is scored in 1–10 seconds on 12 CPU cores, an 80- to 300-fold speedup over comparable MLFFs. An 8 Å trimming protocol reduces runtime threefold without loss of accuracy, and a restrained geometry optimization recovers ranking accuracy for targets with strained input structures. A multi-level explainability framework adds energy decomposition, per-atom energy contributions reported either for ligand or as 2D protein–ligand interaction maps, and 3D binding site visualization. We identified two pocket descriptors that flag applicability before scoring, e.g. polar solvent accessible surface area (SASA) ratio correlating strongly (r = 0.81) with performance. Together, SO3LR-SF presents a fast, interpretable, and competitive scoring function for drug discovery that requires no domain-specific training data."
