"source","id","doi","title","authors","journal","published_date","url","abstract"
"pubmed","42827415","10.1111/nph.71629","The ABCG transporter OsPDR17 mediates transport of 5,10-diketo-casbene and enhances disease resistance in rice.","Wang, Ruyuan; Bie, Xuesong; Xu, Shu; Li, Linwei; Li, Pirui; Lyu, Hui; Ernst, Lukas; Feng, Xu; Sheng, Yelong; Chen, Yu","The New phytologist","2026-10-03","https://pubmed.ncbi.nlm.nih.gov/42827415/","Compound 5,10-diketo-casbene (DKC) is a key macrocyclic diterpenoid phytoalexin contributing to rice resistance against bacterial blight. Although its activity depends on transmembrane transport, the transporter of DKC remains unknown. Using transcriptome profiling and a yeast expression system, OsPDR17, an ABCG transporter, was identified and functionally characterized as the major DKC transporter. Its role during Xanthomonas oryzae pv oryzae infection was examined via CRISPR/Cas9 and overexpression, and a transcription factor regulating OsPDR17 was identified. OsPDR17 was localized to the chloroplast membrane, and key enzymes for DKC biosynthesis were chloroplast-localized proteins. OsPDR17 knockout significantly suppressed the expression of DKC biosynthetic genes, reduced DKC accumulation, and weakened resistance to bacterial blight, whereas overexpression of OsPDR17 showed opposite effects. Notably, we revealed that residue D1149 was essential for OsPDR17-DKC the interaction using molecular docking and site-directed mutagenesis analysis. In addition, WRKY10, a known transcription factor of DKC biosynthetic genes, was found to be potentially involved in regulating OsPDR17 expression. Taken together, this work uncovered the pivotal function of OsPDR17 in rice resistance to bacterial blight, mediating the transport of phytoalexin DKC and orchestrating feedback regulation of DKC biosynthesis. These results offered a theoretical insight and an important genetic resource for rice disease resistance research."
"pubmed","42825318","10.1097/SCS.0000000000013438","KCTD1 p.Gly62Asp Variant in Scalp-Ear-Nipple Syndrome: Phenotypic and Structural Insights.","Zhang, Yu; Wu, Qifeng; Yu, Baofu; Wei, Jiao; Dai, Chuanchang","The Journal of craniofacial surgery","2026-10-02","https://pubmed.ncbi.nlm.nih.gov/42825318/","Pathogenic variants in the potassium channel tetramerization domain-containing 1 (KCTD1) gene cause scalp-ear-nipple syndrome (SENS), a rare autosomal dominant developmental disorder. Although the recurrent p.Gly62Asp variant has been previously reported, its genotype-phenotype correlation and structural pathogenic mechanism remain poorly understood. Here, we describe a 10-year-old boy with classical SENS who additionally presented with severe craniofacial abnormalities, including marked hypertelorism, short palpebral fissures, depressed nasal bridge, and nasal bone hypoplasia, together with multicystic dysplastic kidney and myopia. Whole-exome sequencing identified a de novo heterozygous KCTD1 variant (c.185G>A; p.Gly62Asp), which was confirmed by Sanger sequencing. Functional annotation demonstrated that KCTD1 is preferentially expressed in tissues affected by SENS and participates in transcription factor AP-2 (TFAP2)-mediated transcriptional regulation and developmental signaling. Structural analysis using AlphaFold3 showed that the p.Gly62Asp substitution preserved the overall protein fold but induced localized conformational changes within the Broad-complex, Tramtrack, and Bric-a-brac (BTB) domain, whereas DynaMut2 predicted reduced protein stability. PolyPhen-2 further classified this variant as probably damaging. Together, these findings expand the clinical spectrum of the recurrent KCTD1 p.Gly62Asp variant and provide structural insights into its pathogenic effects, highlighting the importance of KCTD1 dysfunction in craniofacial and renal development."
"pubmed","42819794","10.1021/acsomega.6c04624","Evolution of Metal-Based Anticancer Therapeutics: Chemical Foundations, Platinum Drugs, and Emerging Schiff Base Ruthenium(II) and Iridium(III) Complexes.","Joshi, Bhumika; Shivashankar, Murugesh","ACS omega","2026-10-02","https://pubmed.ncbi.nlm.nih.gov/42819794/","Metal-based chemotherapy has remained a cornerstone of cancer treatment since the clinical introduction of cisplatin; however, systemic toxicity, dose-limiting nephrotoxicity, and acquired resistance continue to limit its therapeutic efficacy. These challenges have stimulated the development of non-platinum-metal-based agents, particularly ruthenium-(II/III) and iridium-(III) complexes, which offer tunable coordination environments, redox adaptability, and diverse mechanisms of action. Among the ligand systems investigated, Schiff bases have emerged as versatile scaffolds capable of modulating complex stability, lipophilicity, and target selectivity. This Review critically examines recent advances (2023-2025) in Schiff base ruthenium and iridium complexes, with emphasis on their structure-activity relationships and anticancer mechanisms. Recent Schiff base Ru-(II/III) complexes have demonstrated promising DNA-binding, redox-modulating, and apoptosis-inducing properties, whereas several Ir-(III) complexes exhibit potent cytotoxicity, phosphorescence imaging capability, and phototherapeutic potential, supporting their development as theranostic agents. Mechanistic studies reveal multimodal activity involving DNA interactions, human serum albumin (HSA) binding, reactive oxygen species (ROS) modulation, mitochondrial dysfunction, and apoptosis induction. Emerging strategies, including NIR-activated phototherapy, nanocarrier-assisted delivery, and computational approaches such as molecular docking and density functional theory (DFT) calculations, are further highlighted as promising directions for the rational design of next-generation metal-based anticancer therapeutics."
"pubmed","42822788","10.1016/j.fitote.2026.107505","Rapid isolation of anti-inflammatory Terpenoids from Dichroa febrifuga.","Du, Ning-Ning; Xu, Zhi-Yong; Yang, Chun-Ying; Xin, Ben-Song; Zhang, Xin; Li, Ying-Shuang; Yao, Guo-Dong; Huang, Xiao-Xiao; Song, Shao-Jiang","Fitoterapia","2026-10-01","https://pubmed.ncbi.nlm.nih.gov/42822788/","Based on a structure-guided rapid isolation strategy, nine terpenoids were targeted and isolated from the traditional antimalarial herbal medicine Dichroa febrifuga Lour. These included four new compounds, one of which possessed a previously undescribed skeleton. The structures of all compounds were unequivocally established through extensive spectroscopic analysis, quantum chemical calculations, computer-assisted structure elucidation, and X-ray single-crystal diffraction. In the context of the dysregulated inflammatory responses often accompanying malaria infection, the isolated compounds were evaluated for their anti-inflammatory activities. Several compounds exhibited moderate anti-inflammatory activity. Molecular docking technology was employed to validate the binding affinities of the active compounds to the core inflammatory transcription factor NF-kappaB. Furthermore, network pharmacology analysis revealed that these compounds may exert synergistic effects by modulating multiple inflammation-related pathways."
"pubmed","42821052","10.1007/s11011-026-01996-5","Punica granatum L. peel extract mitigates hyperlipidemia-induced cognitive impairments in zebrafish larvae via modulating LXR signaling.","Sharma, Pooja; Saini, Shiv Kumar; Singh, Damanpreet","Metabolic brain disease","2026-10-01","https://pubmed.ncbi.nlm.nih.gov/42821052/","Punica granatum L. is known to provide multiple health benefits against several diseased conditions, primarily hyperlipidemia, atherosclerosis, hyperglycemia and cognitive impairments. Many of its health benefits are attributed due to its antioxidant and anti-inflammatory properties. The purpose of the current study was to assess the in vivo effectiveness of an aqueous peel extract of Punica granatum (PuAq) against hyperlipidemia-induced cognitive impairments in a zebrafish larva model. The quantification of major bioactive metabolites of PuAq was done by a high-pressure liquid chromatography technique. The molecular association of the identified metabolites were assessed through in silico docking simulations. The lower confidence limit of the benchmark dose for PuAq in larvae was calculated to be 59.40 microg/mL. Thereafter, larvae at 4 days' post-fertilization were exposed to a 0.1% egg yolk solution with or without PuAq for the subsequent 5 days. Oil Red O staining showed reduced lipid deposition following PuAq treatment. Furthermore, PuAq incubation alleviated hyperlipidemia-induced cognitive decline in larvae subjected to the partition preference test. The extract treatment increased NeuN protein and bdnf expression within the larvae's cephalic region. The treatment modulated the expression of inflammation, oxidative stress, and lipid metabolism-related genes and reduced lipid peroxidation. The protective effects of PuAq were reverted following pre-exposure of GSK2033 (LXR antagonist), which suggested the involvement of LXR receptor activation for the observed changes. In silico docking simulations further supported the molecular interactions between the identified compounds of PuAq and LXR. The study concluded that PuAq protects against hyperlipidemia-induced cognitive impairments in zebrafish larvae."
"pubmed","42818338","10.64898/2026.09.08.750185","CIDER: detecting changes in gene regulatory networks that are associated with changes in phenotype.","Jung, Wooseok J; Ding, Mingyue; Liao, Shu; Erdenebaatar, Zolboo; Brent, Michael R","bioRxiv : the preprint server for biology","2026-10-01","https://pubmed.ncbi.nlm.nih.gov/42818338/","Changes in gene regulatory networks may drive quantitative traits, or may transmit the effects of one trait, such as blood lipid level, on another, such as cardiovascular health. Yet the standard tools, differential correlation and differential network analysis, compare two discrete groups, while the contexts of interest - circulating lipids, inflammation, and blood glucose - vary continuously; applying them forces dichotomization, discarding within-trait variation. We introduce Continuous Interaction-based Differential Edge Regulation (CIDER), which tests whether a gene regulatory network edge, the relationship between a transcription factor and its target gene, varies with a continuous trait: the target gene's expression is modeled as a function of the TF's expression level, the trait, and their interaction, with the interaction coefficient measuring the trait dependence. To limit multiple testing, CIDER tests only the edges of a reference regulatory network. A generalized additive extension detects interactions that change the shape of the relationship, not only its slope, including forms that cannot be expressed as a difference between two correlations. In simulations it outperformed four two-group methods across sample sizes, effect sizes, and noise levels, with most of its advantage from keeping the trait continuous. In whole-blood transcriptomes from four independent human cohorts across ten quantitative health traits, CIDER identified 63 replicated cases in which a TF's regulation of its target varies with the trait, including coupling of the glucocorticoid-receptor (NR3C1) to the granulocyte colony-stimulating-factor receptor (CSF3R) that strengthens as triglycerides rise, and a pair whose regulation reverses direction across the observed range of C-reactive protein."
"pubmed","42818227","10.64898/2026.09.03.749171","Structural basis for P-TEFb association with BRD4.","Mohamed, Abdallah A; Vos, Seychelle M","bioRxiv : the preprint server for biology","2026-10-01","https://pubmed.ncbi.nlm.nih.gov/42818227/","Cyclin-dependent kinases (CDK) dynamically regulate RNA Polymerase (Pol) II during each stage of transcription. Phosphorylation of RNA Pol II and associated transcription factors by CDKs enables stage-specific exchange of factors. CDK9 and a cyclin partner (CYCT1, T2 or K) comprise the Positive Transcription Elongation Factor-b (P-TEFb) complex, which is responsible for releasing RNA Pol II from promoter proximal pausing into processive elongation. P-TEFb activity is stimulated by bromodomain-containing Protein 4 (BRD4); however, the structural basis for BRD4 association with P-TEFb has remained unclear. Using cryogenic-electron microscopy, AlphaFold modeling, and biochemical probing, we show that the P-TEFb interacting domain of BRD4 (BRD4-PID) interacts with P-TEFb via the C-lobe of CDK9 and the second cyclin domain of CYCT1. The BRD4 binding surface on CDK9 is also used by super elongation complex component AFF4. Our analysis indicates that BRD4 may stimulate P-TEFb activity by remodeling the kinase alphaC helix relative to previous structures. Finally, P-TEFb activity is restricted when bound to the 7SK RNP complex. We show that in addition to BRD4-PID, the AFF4 N-terminus can release P-TEFb from the 7SK RNP complex. Together, these findings define how P-TEFb activity is regulated by its incorporation into distinct complexes. SIGNIFICANCE STATEMENT: The exquisite control of gene expression is required for proper development and cellular response to environmental stress. Positive transcription elongation factor b (P-TEFb) is required for the phosphorylation of RNA Pol II and leads to the coordinated release of RNA Pol II from pause sites near the promoter. P-TEFb is bound to bromo-domain containing protein 4 (BRD4), which stimulates P-TEFb activity; however, it is unknown how BRD4 associates with P-TEFb. Here we report a cryo-EM structure of P-TEFb bound to BRD4, revealing how BRD4 interacts with P-TEFb. Comparison of our structure with previously reported P-TEFb structures shows how P-TEFb is regulated by different transcription factor binding partners."
"pubmed","42818108","10.64898/2026.09.21.753178","A de novo GABPA Variant in a Patient with Multifocal Cutaneous Vascular Tumors of an Unclassified Entity.","Holm, Annegret; Brouillard, Pascal; Mahammadzade, Nagi; Mehrabipour, Mehrnaz; Shimbulu, Anna; Benetatos, Dionyssios; Limaye, Nisha; Alomari, Ahmad; Zon, Leonard I; Eng, Whitney; Kozakewich, Harry; Kapp, Friedrich G; Vikkula, Miikka; Mulliken, John B; Bischoff, Joyce","bioRxiv : the preprint server for biology","2026-10-01","https://pubmed.ncbi.nlm.nih.gov/42818108/","We investigated the genetic basis of a previously unclassified congenital vascular anomaly in a patient with multifocal cutaneous vascular tumors. Through genomic analysis, we identified a novel heterozygous de novo germline variant in GA-binding protein-alpha (GABPA), an ETS family transcription factor. Histopathologic evaluation demonstrated capillary-venous lesions lacking glucose transporter 1 expression, distinguishing this entity from common infantile hemangioma. Notably, the tumor vasculature exhibited a prominent alpha-SMA-positive perivascular cell layer, with nuclear localized GABPA detected in endothelial and perivascular cells. The GABPA c.509T>G (p.L170R) variant is absent from large population databases, including gnomAD, DeCAF, and RGC-MCPS databases, indicating it is extremely rare. The affected leucine residue is highly conserved across species and located within the Pointed (PNT) domain, a critical region mediating GABPA protein-protein interactions. AlphaMissense predicts this substitution to be highly damaging. Structure-based analysis using an AlphaFold-predicted approach, combined with in silico mutagenesis and molecular interaction analyses, revealed that the L170R substitution introduces new electrostatic interactions while disrupting native hydrophobic contacts within the PNT domain. Functional assessment in zebrafish demonstrated that mosaic stromal expression of GABPA-L170R caused abnormal vascular architecture compared with GABPA-wild-type controls, establishing a direct link between this variant and disrupted vascular development. Collectively, the genetic rarity, evolutionary conservation, predicted structural perturbation, and disruptive effects on vascular development establish GABPA-L170R as likely disease-causing variant. These findings define a new molecular mechanism underlying congenital vascular tumor formation and expand the role for ETS-family transcriptional regulation in human vascular anomalies."
"pubmed","42817588","10.1002/cbdv.71790","Coordinated TNF-NF-kappaB and PI3K-Akt Modulation by Yueju Pill in Hashimoto's Thyroiditis: A Network Pharmacology and Molecular Docking Study.","Zhang, Hao; Ren, Kuojun; Wang, Shengying","Chemistry & biodiversity","2026-10-01","https://pubmed.ncbi.nlm.nih.gov/42817588/","To predict the polypharmacological mechanism of Yueju pill (YJP) against Hashimoto's thyroiditis (HT), this study integrated network pharmacology and molecular docking to develop a computationally derived ""dual-axis core"" hypothesis involving the TNF-NF-kappaB inflammatory axis and the PI3K-Akt survival/apoptosis axis. Candidate active compounds and putative targets were identified, followed by PPI network construction and GO and KEGG enrichment analyses. Representative compounds were further evaluated by molecular docking, with redocking and reference-ligand comparisons used to assess docking reliability. A total of 167 common drug-disease targets were identified, from which 13 hub targets were screened. Enrichment analysis highlighted the TNF, PI3K-Akt, IL-17, Th17 cell differentiation, and apoptosis-related pathways. Quercetin, luteolin, kaempferol, and wogonin showed predicted interactions with multiple inflammation- and apoptosis-related targets. Redocking reproduced crystallographic binding modes for CASP3, IKBKB, MAPK1, and AKT1 with RMSD values below 2.0 A. Overall, the integrated computational analyses support a testable ""dual-axis core"" hypothesis in which YJP may coordinately modulate inflammatory and survival/apoptosis-related signaling in HT, providing prioritized targets and a mechanistic framework for future experimental validation."
"pubmed","42816373","10.2131/jts.51.533","Integration of QSAR modeling and in vitro validation for identification of food-derived Nrf2 activators against arsenic-induced toxicity.","Huong, Ngo Thanh; Kodama, Susumu; Ono, Atsushi","The Journal of toxicological sciences","2026-09-30","https://pubmed.ncbi.nlm.nih.gov/42816373/","Arsenic exposure is a major public health concern due to its toxicity and carcinogenicity, largely mediated by oxidative stress, and activation of the Nrf2 signaling pathway is considered a promising strategy to mitigate such damage. In this study, a quantitative structure-activity relationship (QSAR) model was developed to identify potential Nrf2 activators from food-derived compounds. Machine learning algorithms, including Random Forest (RF), Support Vector Machine (SVM), Linear Discriminant Analysis (LDA), and a stacking model, were developed and optimized. The optimized RF, SVM, and LDA models were subsequently integrated into a stacking framework, which was selected as the final predictive model for virtual screening based on its robust and balanced predictive performance. The stacking model achieved the highest accuracy during five-fold cross-validation (0.77) and demonstrated competitive performance on the independent test set (0.742 +/- 0.040), with balanced precision, sensitivity, and F-measure. Consequently, the stacking model was selected as the final model for virtual screening. A total of 70,926 compounds retrieved from a food-derived database were filtered based on physicochemical criteria, and QSAR-based virtual screening predicted 920 compounds as potential activators of the Nrf2 signaling pathway, from which 5,7-Dimethylchrysin (FooDB ID: FDB015537) and Demethylvestitol (FooDB ID: FDB012218) were selected for experimental validation. In vitro assays using HepG2 cells demonstrated that 5,7-Dimethylchrysin significantly enhanced cell viability against sodium arsenite (150 muM)-induced cytotoxicity, with an effective concentration (EC50) of 0.54 muM, whereas Demethylvestitol exhibited only limited protective effects. Furthermore, luciferase reporter assays confirmed that 5,7-Dimethylchrysin activated antioxidant response element (ARE)-driven transcription in a concentration-dependent manner, producing a 1.5 to 2.4-fold increase at concentrations ranging from 0.78 to 6.25 muM. Overall, these findings highlight the effectiveness of integrating QSAR modeling with experimental validation to identify food-derived compounds with protective potential against arsenic-induced toxicity, with 5,7-Dimethylchrysin emerging as a promising candidate for further investigation."
"pubmed","42816034","10.1016/S1875-5364(26)61215-0","Targeting senescence-associated fibrotic signatures identifies syringin as an effective modulator of the ATR/CHK1-p53 axis in idiopathic pulmonary fibrosis.","Wang, Yuyang; Yin, Guanghui; Niu, Mixing; Wang, Wei; Liao, Zhenyun; Yang, Lei; Wu, Chunli; Cao, Yu; Gao, Kai; Dong, Zhaoxing","Chinese journal of natural medicines","2026-09-30","https://pubmed.ncbi.nlm.nih.gov/42816034/","Idiopathic pulmonary fibrosis (IPF) is a progressive and fatal interstitial lung disease closely associated with aging, yet the contribution of cellular senescence to fibrotic remodeling and its therapeutic implications remain incompletely understood. Syringin, a phenylpropanoid glycoside derived from Acanthopanax senticosus, has been reported to possess anti-inflammatory and antioxidant activities, but its role in IPF has not been elucidated. In this study, bulk lung transcriptomic data from the GTEx project and nine IPF cohorts were integrated with IPF scRNA-seq data to characterize senescence-associated fibrotic programs. A systems-level compound prioritization strategy incorporating reversed gene expression scoring, network proximity analysis, drug-likeness and toxicity evaluation was applied to identify candidate molecules. The results revealed a pronounced aging-associated transcriptomic profile in IPF lungs, with strong concordance between age-related and IPF-related gene programs. Single-cell analyses further identified senescent fibroblast populations as key cellular hubs characterized by elevated expression of SASP factors. Syringin was subsequently validated in TGFbeta1-stimulated fibroblasts, and a murine model of bleomycin-induced pulmonary fibrosis. Syringin consistently attenuated fibroblast activation, cellular senescence markers, and pulmonary fibrosis in vivo and in vitro. Mechanistically, syringin markedly reversed the activation of replication stress-associated signaling pathways. Molecular docking and CETSA suggested a potential interaction between syringin and CHK1. Furthermore, CHK1 knockdown partially abrogated the regulatory effects of syringin on the ATR/CHK1-p53 signaling cascade, supporting CHK1 as a functional mediator of syringin activity. Collectively, these findings identify syringin as a natural small molecule with anti-senescent and anti-fibrotic properties, and may represent a potential therapeutic strategy for IPF."
"pubmed","42814605","10.1093/bib/bbag548","MMP2Mol: a matched molecular pairs-based framework for ligand-based de novo drug design.","Chen, Dekun; Li, Hui; Liu, Jianwang; Jiang, Yueping; Cao, Dongsheng; Liu, Shao","Briefings in bioinformatics","2026-09-30","https://pubmed.ncbi.nlm.nih.gov/42814605/","Designing target-relevant molecules is particularly difficult when only limited bioactivity data are available. We present MMP2Mol, a ligand-based generative framework that combines matched molecular pair (MMP) analysis with a pretrained chemical language model (CLM). MMP2Mol extracts target-specific structure-activity transformations from available ligands, applies the prioritized transformations to construct a virtual focused library, and fine-tunes the CLM toward target-relevant chemical space. The framework was evaluated across ten therapeutic targets and compared with direct CLM fine-tuning, Seq2Seq, and Reinvent 4. In repeated experiments on F2, BRD4, and PARP1, MMP2Mol achieved 92.8%-95.3% validity and 99.5%-99.7% uniqueness. When both methods were evaluated against the same original active-compound reference, molecular novelty increased from 57.8%-64.0% for the CLM baseline to 79.8%-82.0% for MMP2Mol, while internal diversity remained broadly comparable. The gains were most evident for F2 and BRD4, whereas performance varied across the smaller target datasets. These findings indicate that MMP-derived chemical knowledge can improve the focus and reproducibility of ligand-based molecular generation under limited-data conditions. MMP2Mol therefore provides a practical strategy for computational candidate generation and prioritization in early-stage drug discovery."
"pubmed","42812836","10.1039/d6ra06822g","Mono- and dinuclear thiophene-based palladium(ii) complexes bearing phosphorus ylides: synthesis, catalytic activity, cytotoxicity and molecular docking studies.","Sepehrfar, Soraya; Samiee, Sepideh; Hoveizi, Elham; Janczak, Jan; Ignatiev, Vladislav; Dominiak, Paulina Maria","RSC advances","2026-09-30","https://pubmed.ncbi.nlm.nih.gov/42812836/","Two new thiophene-based palladium(ii) complexes, the mononuclear [Pd(L)(2)(Cl)(2)] (M) and [Pd(L)(micro-Cl)](2) (D), were synthesized in good yield (73-90%) by reacting equimolar palladium(ii) salts with the thiophene-derived Schiff base ligand, C(10)H(7)N[double bond, length as m-dash]C(H)(C(4)H(3)S) (L). The reactivity of complex D with unsymmetrical phosphorus ylides [Ph(2)P(CH(2))(2)PPh(2)C(H)C(O)C(6)H(4)X] (X = Cl (Y(1)), NO(2) (Y(2)), OCH(3) (Y(3)), Br (Y(4))) was also investigated via chloride bridge-splitting reactions, affording a new family of mononuclear thiophene-based Pd(ii) complexes (D(1)-D(4)). L and its Pd(ii) complexes were characterized by elemental analysis, FT-IR, and NMR ((1)H, (13)C, and (31)P) spectroscopy. Single-crystal X-ray diffraction confirmed the molecular structures of L and complex M, and DFT calculations were additionally performed to support the structural analysis of L. Complexes D(1)-D(4) exhibited excellent catalytic activity in Suzuki-Miyaura cross-coupling reactions under aerobic conditions in EtOH. MTT assays revealed cytotoxic activity against human carcinoma cell lines HT-29 and A549, with D(4) showing the highest cytotoxicity. Molecular docking with SARS-CoV-2 (PDB ID: 6Y2F) and transcription factor STAT3B/DNA (PDB ID: 1BG1) indicated that L, complexes M and D(1) effectively interact with the active sites via stable non-covalent interactions, suggesting their potential as anticancer and anti-COVID-19 agents; D(1) showed superior inhibitory activity against COVID-19."
"pubmed","42812170","10.3389/fimmu.2026.1909437","Impaired antigen clearance of macrophages associates with heart failure and non-obstructive azoospermia: insights from transcriptomics, in silico knockout, and in vitro validation.","Zhao, Zheng; Li, Rong; Li, Kai; Zhang, Rui; Tian, Jiawei; Teng, Da; Zhou, Xiaoyan; Jia, Baoqi; Yuan, Xianmiao; Xin, Hui","Frontiers in immunology","2026-09-30","https://pubmed.ncbi.nlm.nih.gov/42812170/","BACKGROUND: Heart failure (HF) and non-obstructive azoospermia (NOA) are high-burden diseases that share chronic inflammation and tissue injury. Macrophages are key regulators in both conditions, yet whether a common molecular basis exists remains unclear. METHODS: We analyzed HF and NOA expression profiles from the GEO database using WGCNA and machine learning to screen for core shared genes. Diagnostic performance was evaluated using AUC in independent validation sets. Single-cell RNA-seq mapped the cellular origin of core genes. Immune infiltration, pathway activity, and transcription factor networks were analyzed using xCell, PROGENy, and DoRothEA. To investigate functional roles, we applied single-cell in silico knockout to macrophages and designed in vitro knockdown experiments for validation. RESULTS: SLAMF7, IL2RA, and PRF1 were identified as core shared genes. The diagnostic model achieved AUCs of 0.782 (HF) and 0.724 (NOA) in validation sets. All three genes were highly expressed in macrophages, and their mean expression correlated with M2-like macrophages as well as JAK-STAT and NF-kappaB pathway activities. Transcription factor network analysis revealed NFKB1, STAT1, STAT3, STAT4 and STAT5A/B as upstream regulators. Any gene loss upregulated C1q, scavenger receptors, the NLRP3 inflammasome, and inflammatory factors. Distinct context-specific changes were observed: in NOA macrophages, PRF1 loss caused ectopic expression of sperm protamine genes (PRM2, TNP1); IL2RA loss activated the IRF8-TLR2 axis; and SLAMF7 loss enhanced MHC-II and interferon pathways. In HF macrophages, SLAMF7 loss activated the prostaglandin pathway; IL2RA loss induced upregulation of M2-like markers FOLR2 and LYVE1; and PRF1 loss enhanced C1q expression. In vitro knockdown experiments showed that, without antigen stimulation, knockdown of all three genes upregulated C1qa, Folr2, Il1b, Acod1 and Nlrp3. Under sperm stimulation, PRF1 knockdown increased Prm2 and S100a8, whereas IL2RA knockdown increased Irf8. Under cardiac lysate stimulation, PRF1 knockdown led to ectopic expression of the cardiac-specific genes Myh6 and Tnnt2. CONCLUSION: SLAMF7, IL2RA and PRF1 form a negative immune regulatory hub in macrophages that links HF and NOA. Loss of these genes is associated with a conserved complement-inflammation module, whereas the disease outcome is determined by organ-specific antigens. Targeting this shared hub may offer a potential therapeutic direction for future investigation."
"pubmed","42812065","10.12122/j.issn.1673-4254.2026.09.19","[Multiple components in Astragalus Injection target CCL2/FOS/PPARG/CXCL8 to suppress cervical cancer progression].","Ma, Yuanyuan; Liu, Yue; Gao, Ning; Huo, Yumeng; Chen, Meini; Li, Jiawen; Liu, Jiahao; Zhang, Manqiu; Yan, Bingbing; Xu, Nuo; Zhao, Jumei","Nan fang yi ke da xue xue bao = Journal of Southern Medical University","2026-09-30","https://pubmed.ncbi.nlm.nih.gov/42812065/","OBJECTIVES: To predict the functional targets and molecular mechanisms of Astragalus Injection for suppressing cervical cancer. METHODS: The overlapping targets between Astragalus Injection and cervical cancer were used to construct a protein-protein interaction network. GO functional annotation and KEGG pathway enrichment analysis were performed, and molecular docking study was conducted to evaluate the binding capacity between drug active components and the core targets. SiHa cells were treated with Astragalus Injection and the changes in cell proliferation, migration and invasion were examined. The expressions of the core targets (FOS, PPARG, CXCL8, and CCL2), key molecules in the IL-17 pathway (NF-kappaB p65, p-p65, STAT3, and p-STAT3), Bax, Bcl-2, caspase-3, and cleaved caspase-3 were detected in the treated cells. The changes in microfilament, mitochondrial membrane potential, cell apoptosis and membrane permeability were observed using Coomassie brilliant blue, phalloidin, JC-10 and AO/EB staining. In a mouse model bearing U14 cervical cancer xenograft, the effect of Astragalus Injection on tumor growth was observed, tumor histopathology was examined using HE staining, and CCL2, PPARG and FOS expressions were analyzed with immunohistochemistry. RESULTS: Five major active components of Astragalus Injection were found to stably bind to 4 core targets (CCL2, CXCL8, FOS, and PPARG) with docking binding energies all below -5 kJ/mol. Astragalus Injection significantly inhibited the proliferation, migration and invasion of SiHa cells, disrupted cytoskeletal microfilament structure, and induced cell apoptosis, causing also significantly lowered protein levels of FOS, CXCL8, CCL2, PPARG, Bcl-2, p-p65 and p-STAT3 and increased expressions of Bax and cleaved caspase-3. In the tumor-bearing mice, Astragalus Injection significantly suppressed xenograft growth, induced tumor tissue necrosis, and reduced the expressions of CCL2, PPARG and FOS. CONCLUSIONS: Astragalus Injection inhibits cervical cancer progression by downregulating multiple target proteins, damaging microfilament structure, weakening tumor cell motility and promoting apoptosis."
"pubmed","42812054","10.12122/j.issn.1673-4254.2026.09.08","[Miao medicine Sidaxue regulates macrophage polarization and alleviates synovial inflammation in collagen-induced arthritis rats by inhibiting HIF-1alpha/PDK1-mediated glycolytic reprogramming].","Shen, Wanting; Chen, Yizhe; Fu, Xinyu; Yuan, Jiatao; Zhou, Jun; Huang, Li; Wu, Ning","Nan fang yi ke da xue xue bao = Journal of Southern Medical University","2026-09-30","https://pubmed.ncbi.nlm.nih.gov/42812054/","OBJECTIVES: To investigate the mechanism of Miao medicine prescription Sidaxue (SX) for inhibiting glycolysis in the synovial tissue and promoting macrophage polarization in rats with collagen-induced arthritis (CIA). METHODS: Thirty-two SD rats were randomized into normal control group, CIA model group, tripterygium glycosides (40 mg/kg; positive control) treatment group, and SX (40 g/kg) treatment group (n=8). Except for those in the normal control group, all the rats were subjected to CIA modeling and treated with saline, tripterygium glycosides or SX by gavage for 21 consecutive days. Paw swelling, arthritis index, synovial pathology, inflammatory factors, glycolysis-related indicators and gene expressions were detected. UHPLC-MS was used to screen the components of SX in the blood of SX-treated rats. The target genes of the active components of SX and rheumatoid arthritis (RA) were predicted using bioinformatics analysis, and the hub genes were identified using machine learning algorithms. The binding sites between HIF-1alpha and PDK1 were predicted using AlphaFold3, and the interactions between SX components and their targets were simulated using molecular docking. RESULTS: SX treatment significantly alleviated joint swelling, lowered arthritis scores, improved synovial lesions, and reduced serum levels of TNF-alpha, IL-1beta and IL-6 in CIA rats, resulting in also inhibition of macrophage polarization and down-regulation of HIF-1alpha, PDK1 and HK2 expressions in the synovial tissues. Twenty-nine components of SX were detected in the blood of SX-treated rats, and 9 key target genes were identified. AlphaFold3 predicted a strong interaction between HIF-1alpha and PDK1, and their virtual knockout was shown to disturb the inflammatory pathways in the macrophages. Molecular docking studies suggested stable docking between the active components of SX and their key targets. CONCLUSIONS: SX alleviates joint inflammation in CIA rats by inhibiting the HIF-1alpha/PDK1 signaling pathway, correcting glycolytic reprogramming, and promoting M2 polarization of macrophages."
"pubmed","42812052","10.12122/j.issn.1673-4254.2026.09.06","[Hepatocellular carcinoma-derived lactate-mediated histone H3K18 lactylation modifies S100A2 transcription to promote proliferation, migration, invasion and epithelial-mesenchymal transition of hepatocellular carcinoma cells].","Huang, Liping; Shao, Yu; Zhou, Wanbing; He, Jingping","Nan fang yi ke da xue xue bao = Journal of Southern Medical University","2026-09-30","https://pubmed.ncbi.nlm.nih.gov/42812052/","OBJECTIVES: To investigate the role of histone H3 lysine 18 lactylation (H3K18la) regulating the transcription of S100 calcium-binding protein A2 (S100A2) in the development of hepatocellular carcinoma (HCC) and its molecular mechanism. METHODS: HCC single-cell transcriptome sequencing data were used to screen the differentially expressed genes and pathways. Intracellular lactate and histone lactylation were measured in HCC and normal hepatocyte cell lines. The effects of glycolysis inhibitors (2-DG/Oxamate) on proliferation, migration, and invasion of the cells were evaluated, and ChIP-qPCR was used to detect the enrichment of H3K18la at the S100A2 promoter. TCGA database was used to analyze the association of S100A2 expression with the prognosis of HCC patients. S100A2 overexpression and knockdown cell models were established, and rescue experiments using 2-DG or lactate were performed to validate the role of H3K18la in mediating the effects of S100A2. The interaction between S100A2 and KRT6A proteins was validated by STRING, molecular docking, and Co-IP. Western blotting was performed to determine the nuclear expression of beta‑catenin and the EMT markers (vimentin and E‑cadherin) in HCC cells, and to elucidate the regulatory effect of H3K18la on the Wnt/beta‑catenin pathway. RESULTS: Glycolysis and pyruvate metabolism pathways were upregulated in HCC, and lactate levels was elevated in HCC cells. Pan-Kla and H3K18la were significantly overexpressed in HCC cell lines, especially under hypoxia. Glycolysis inhibitors dose-dependently reduced H3K18la and suppressed malignant phenotypes of HCC cells. S100A2 mRNA and protein levels were upregulated in HCC, and its high expression was correlated with poor prognosis. S100A2 promoted HCC cell proliferation, migration, and invasion, which were reversed by 2‑DG. S100A2 directly interacted with KRT6A, the expression of nuclear beta‑catenin was reduced after KRT6A knockdown and increased after KRT6A overexpression; exogenous lactate reversed KRT6A overexpression‑induced inhibition of beta‑catenin, which was blocked by XAV939. Treatment with 2‑DG lowered the expressions of beta‑catenin and EMT markers, which were reversed by S100A2 or KRT6A overexpression. CONCLUSIONS: HCC-derived lactate enhances H3K18la modification, which activates S100A2 transcription to positively regulate the Wnt/beta‑catenin pathway, ultimately promoting the proliferation, migration, invasion and EMT of HCC cells."
"pubmed","42811964","10.31083/FBL55117","Cysteine Residues Are Required for the Sliding Clamp-Dependent Endonuclease Activity of Neisseria gonorrhoeae MutL.","Savitskaya, Viktoriia Yu; Monakhova, Mayya V; Bazanov, Daniil R; Litvinova, Anastasiia V; Snyga, Viktoriia G; Oretskaya, Tatiana S; Kubareva, Elena A","Frontiers in bioscience (Landmark edition)","2026-09-30","https://pubmed.ncbi.nlm.nih.gov/42811964/","BACKGROUND: Neisseria gonorrhoeae is a human pathogen that causes gonorrhea and employs a methylation-independent mismatch repair (MMR) pathway to regulate genomic stability and pilin antigenic variation. A key effector of this pathway, MutL, possesses ATPase, DNA-binding, and endonuclease activities, yet the molecular determinants governing its catalytic activity remain poorly understood. In particular, the functional relevance of conserved cysteine (Cys) residues located in the vicinity of the active site is unclear. METHODS: We characterized a Cys free-variant of Neisseria gonorrhoeae MutL, in which all Cys residues were replaced with evolutionarily conserved substitutes, in comparison with the wild-type enzyme. ATPase activity, DNA-binding capacity, and endonuclease activity on supercoiled plasmid and linear DNA duplex substrates were assessed, and molecular dynamics simulations were performed to examine the conformational behavior of the C-terminal domain (CTD). RESULTS: Cys substitutions do not markedly affect ATPase activity, DNA-binding capacity, or endonuclease activity on supercoiled plasmid substrates. However, the same amino acid substitutions led to an almost complete loss of sliding clamp-dependent endonuclease activity on linear DNA duplexes. Molecular dynamics simulations revealed that the cysteine substitutions alter the conformational dynamics of the CTD, displacing the catalytically active monomer from its productive orientation relative to the sliding clamp and thereby impairing sliding clamp-dependent endonuclease activity. CONCLUSIONS: These results indicate that Cys residues are not directly involved in catalysis but provide the conformational rigidity of the C-terminal domain required for productive engagement with the sliding clamp."
"pubmed","42811961","10.31083/FBL55796","Commiphora africana Ethanol Extract Attenuates Inflammatory Responses With Reduced NF-kappaB/AP-1 Activation and Src/TAK1-Related Signaling Changes.","Mou, Canglang; Wang, Yuhao; Huang, Lei; Su, Jinghan; You, Long; He, Ziliang; Hu, Yeye; Wei, Weizhaole; Choi, Wooram; Lee, Byoung-Hee; Bang, Woo Young; Byun, Hye-Woo; Lee, Jongsung; Kim, Ji Hye; Cho, Jae Youl","Frontiers in bioscience (Landmark edition)","2026-09-30","https://pubmed.ncbi.nlm.nih.gov/42811961/","BACKGROUND: The bark, resin, and roots of Commiphora africana (A. Rich.) Engl. have traditionally been used in African medicine to treat fever, stomach disorders, colic, and swelling. However, despite this traditional use, its anti-inflammatory activity and the underlying molecular mechanisms remain poorly characterized. METHODS: We evaluated the anti-inflammatory activity of C. africana ethanol extract (Caf-EE) in lipopolysaccharide (LPS)-stimulated macrophages and in murine models of HCl/EtOH-induced acute gastric mucosal injury and LPS-induced acute lung injury. Reporter assays, gene expression analysis, immunoblotting, cellular thermal shift assay (CETSA), gas chromatography-mass spectrometry (GC-MS)-guided compound annotation, network pharmacology, and molecular docking were used to investigate the anti-inflammatory mechanisms of Caf-EE. RESULTS: Caf-EE inhibited nitrite production without cytotoxicity in LPS-stimulated RAW264.7 macrophages. GC-MS-guided feature annotation identified representative candidate constituents of Caf-EE, and network pharmacology indicated their association with inflammation-related pathways. Mechanistically, Caf-EE suppressed MyD88- and TRIF-mediated NF-kappaB/Activator protein 1 (AP-1) transcriptional activity and reduced the expression of inflammatory genes. Caf-EE also inhibited phosphorylation of Src/IkappaB kinase (IKK)/IkappaB- and Transforming growth factor-beta-activated kinase 1 (TAK1)/c-Jun N-terminal kinase (JNK)/c-Jun-associated signaling proteins and increased the thermal stability of Src and TAK1. In vivo, Caf-EE attenuated HCl/EtOH-induced acute gastric mucosal injury and LPS-induced acute lung injury, accompanied by reduced phosphorylation of Src and TAK1 in both tissues. Among the representative GC-MS-annotated compounds, 9,19-cyclolanost-24-en-3-ol exhibited the highest predicted binding affinity for Src and TAK1 in molecular docking analysis. CONCLUSIONS: Collectively, this study provides mechanistic evidence for the anti-inflammatory effects of Caf-EE through modulation of Src/TAK1-associated signaling. Furthermore, the protective effects observed in acute inflammatory disease models support the further development of Caf-EE as a therapeutic candidate for inflammatory disorders."
"pubmed","42811753","10.1096/fj.202602956RR","4-Octyl Itaconate Attenuates Age-Induced Parotid Gland Dysfunction Through the Suppression of Fibrosis and Lipid Deposition by AMPKalpha/PPARalpha and the Inhibition of Oxidative Stress via the AMPKalpha/Nrf2 Signaling Pathway.","Chen, Yun; Gong, Tianyuan; Shan, Zhongyan; Lai, Jing; Xu, Yiming; Zhao, Han; Zhu, Lilei","FASEB journal : official publication of the Federation of American Societies for Experimental Biology","2026-09-30","https://pubmed.ncbi.nlm.nih.gov/42811753/","Parotid gland aging is a key factor for reduced salivary production in older individuals. The role of 4-Octyl itaconate (4-OI) in age-related parotid gland dysfunction remains unclear. Thirteen-month-old male mice were administered 4-OI (25 mg/kg) or vehicle once daily for 4 weeks. The salivary flow rate was calculated to assess gland secretion function. Hematoxylin and eosin staining was used to analyze morphological alterations. Masson staining was used to quantify collagen deposition. Oil Red O staining was used to evaluate lipid droplet accumulation. Western blotting was used to detect protein expression levels. Metabolomics, transcriptome, and molecular docking analyses were performed to identify potential mechanisms of action. Functional assays revealed that 4-OI increased the salivary flow rate. AMPKalpha has been identified as a direct target of 4-OI by molecular docking. 4-OI upregulates AMPKalpha phosphorylation, decreases lipid droplet deposition, and relieves fibrosis to restore the aging characteristics of the gland. 4-OI regulates fatty acid oxidation (FAO) in the parotid gland through AMPKalpha/PPARalpha signaling pathways. The protective effects of 4-OI in aged mice were abolished by Compound C and GW6471, which inhibit AMPKalpha and PPARalpha, respectively. In addition, we found that 4-OI treatment ameliorated parotid gland aging-induced oxidative reactions, enhanced mitochondrial biogenesis, and activated the Nrf2 pathway. Moreover, the Nrf2 inhibitor ML385 was used to validate this mechanism. Treatment with 4-OI improved the aging of the parotid gland by increasing gland FAO, decreasing gland fibrosis, and preventing oxidative reactions. This was achieved by upregulating the AMPKalpha/Nrf2 and AMPKalpha/PPARalpha signaling pathways."
"pubmed","42811332","10.1186/s12934-026-03113-8","Employing Streptomyces enissocaesilis as a sustainable cell factory for green synthesis of gold nanoparticles with multi-target anticancer activity against MCF-7 breast cancer cells.","El-Bouseary, Maisra M; Badr, Sara Ahmed Mohammed Mahmoud; Sonbol, Fatma; El-Banna, Tarek; Tayel, Amr; El-Zahed, Mohamed M; Elekhnawy, Engy","Microbial cell factories","2026-09-30","https://pubmed.ncbi.nlm.nih.gov/42811332/","BACKGROUND: Currently, there is growing interest in gold nanoparticles (AuNPs) to be employed in cancer nanomedicine. This study describes the green synthesis of AuNPs using an actinobacterial isolate identified as Streptomyces enissocaesilis via 16 S rRNA sequencing. Characterization of the nanoparticles was performed using various techniques including UV-Vis spectroscopy, FTIR, TEM, XRD, EDX, and zeta-potential analysis. To provide insight into the interaction of AuNPs with MCF-7 breast cancer cells, a variety of apoptosis and cell proliferation assays were performed. These assays included concentration-dependent cytotoxicity testing, cell-cycle analysis, an Annexin V-FITC/PI apoptosis analysis, AO/PI staining, a BrdU proliferation assay, and an RT-qPCR to evaluate the expression of c-erbB-2 and p53. RESULTS: Characterization of the AuNPs revealed that they were ruby-red, exhibited a strong SPR signal at 528 nm, were between 22.73 and 35.61 nm in size, had a positive zeta potential at + 27 mV, and exhibited a faceted crystal cubic structure. In regard to MCF-7 cells, the concentration-dependent cytotoxicity assay showed a clear dose-dependent inhibition of cell proliferation, with growth inhibition increasing from 20.14% at 3.125 microg/mL to 98.33% at 100 microg/mL and a half-maximal inhibitory concentration (IC(50)) of 8.32 microg/mL, considerably lower than the 18.90 microg/mL obtained for normal PBMC cells under the same protocol. Cell cycle analysis showed that AuNPs caused almost complete cell cycle arrest in the G0/G1 phase (99.25%) of the cell cycle, while both the G2/M and S phases were completely depleted. BrdU incorporation was significantly inhibited in a concentration-dependent manner. Finally, RT-qPCR and Annexin V-FITC/PI apoptosis analysis showed that AuNPs induced apoptosis (50.36%) and significantly inhibited the expression of the oncogene c-erbB-2, and in turn, they induced tumor suppressive pathway. The docking studies revealed that the Cys-Au species bound to biologically significant areas of ERalpha and CDK2, possibly explaining the antiproliferative effects observed in MCF-7 human breast cancer cells. CONCLUSIONS: These findings indicate that AuNPs biosynthesized using Streptomyces enissocaesilis exhibit significant anticancer effects against MCF-7 cells. The effects appear to be induced by a combination of antiproliferative, pro-apoptotic, and cell-cycle- and gene-modulatory effects. These effects validate the promise of Actinobacteria-stabilized AuNPs as a green nanoplatform for the treatment of human breast cancer."
"pubmed","42810978","10.1093/bjd/ljag260","Scalp-ear-nipple syndrome: a clinical and pathogenetic review using novel artificial intelligence methodology.","Green, Adam C; Sampson, Julian R; Finlay, Andrew Y","The British journal of dermatology","2026-09-29","https://pubmed.ncbi.nlm.nih.gov/42810978/","Scalp-ear-nipple (SEN) syndrome (OMIM #181270) is a rare autosomal dominant ectodermal dysplasia characterized by aplasia cutis congenita (ACC) of the scalp, overfolded ear helices and breast aplasia. Since the identification of heterozygous KCTD1 pathogenic variants as the molecular cause in 2013, our understanding of this condition has undergone substantial revision. KCTD1 encodes a 257-amino-acid BTB domain-containing protein that forms pentameric complexes and functions as a transcriptional repressor of transcription factor AP-2alpha. All currently reported SEN-causing variants cluster within a narrow window (residues 20-74) of the BTB and pre-BTB domains, consistent with a dominant-negative rather than haploinsufficiency mechanism. Mutant KCTD1 retains the ability to oligomerize but cannot bind AP-2alpha and poisons wildtype function by incorporating into nonfunctional heteropentamers with both KCTD1 and its paralogue KCTD15. Several developments have reshaped the molecular narrative. The only paper reporting direct KCTD1-beta-catenin binding was retracted in 2022 for data integrity concerns, leaving the precise Wnt/beta-catenin mechanism incompletely characterized despite independent evidence supporting the role of KCTD1 in Wnt modulation. Conditional knockout of Kctd1 and Kctd15 in mice demonstrated that ACC arises from neural crest cell dysfunction, not from a primary keratinocyte defect, establishing SEN-associated ACC as a neurocristopathy. Most recently, KCTD1 has been shown to inhibit not only Wnt but also the Hedgehog and Notch signalling pathways, and to regulate cAMP signalling through adenylyl cyclase 5, although the relevance to SEN is unclear. This review critically evaluates the current evidence for SEN syndrome pathogenesis, integrates the multipathway model and examines the tissue-specificity question. We identify key unresolved questions and propose an experimental roadmap for future investigation. With approximately 30-50 molecularly confirmed cases worldwide and no formal clinical guidelines, this review provides a comprehensive molecular and clinical framework for a condition at the intersection of developmental biology, structural biology and clinical genetics. This review was written with novel artificial intelligence methodology."
"pubmed","42810332","10.1016/j.str.2026.09.004","Virulence gene regulation in Pseudomonas aeruginosa is mediated by a novel hinge motion in the signaling helix of GacS histidine kinase.","Salar, Safoura; LoPresti, Marion Q; Mitchell, Lance; Byrnes, James; Brown, Anne M; Schubot, Florian D","Structure (London, England : 1993)","2026-09-29","https://pubmed.ncbi.nlm.nih.gov/42810332/","Sensor kinases (SKs) play central roles in bacterial adaptation to environmental challenges. Signal perception by these membrane-embedded enzymes initiates phosphotransfer cascades that regulate gene expression through cognate transcription factors. Although SKs were thought to function independently, interwoven multi-kinase networks have revealed a more complex picture. The present study focuses on GacS, a major regulator of virulence gene expression in the opportunistic pathogen Pseudomonas aeruginosa. Molecular dynamics (MD) simulation revealed a novel hinge motion within the GacS S-helix region that is hypothesized to facilitate the interactions of GacS with RetS, another histidine kinase family protein that inhibits GacS. In vitro and in situ data support the functional importance of this flexible region for GacS-RetS interactions. Analysis of MD data also provided striking insights into conformational coupling between domains and into how GacS-RetS interactions might be regulated to modulate P. aeruginosa virulence gene expression."
"pubmed","42810157","10.1016/j.jinorgbio.2026.113464","Design of L-borneol-containing biguanide derivatives and their half-sandwich Ru(II)-p-cymene complexes: DNA/HSA binding properties, antioxidant activity and antiproliferative effects in glioblastoma cells.","Gul, Abdulmecit; Kalay, Husne Gulseren; Balli, Julide Nacaroglu; Gungor, Ozge; Comertpay, Sabahattin; Gungor, Seyit Ali; Kose, Muhammet","Journal of inorganic biochemistry","2026-09-29","https://pubmed.ncbi.nlm.nih.gov/42810157/","In this study, half-sandwich Ru(II)-p-cymene complexes containing L-borneol-based biguanide ligands were synthesized, characterized and evaluated for their biological properties. Lipophilicity (logP) and hydrolysis studies demonstrated that the biguanide moiety and its substituents significantly influence hydration behavior. UV-Vis analyses confirmed CT-DNA binding for all compounds, with the ligands showing higher affinity than the corresponding Ru(II) complexes. Viscosity measurements suggested that DNA binding occurs predominantly through a groove-binding mechanism rather than intercalation. Fluorescence spectroscopy studies showed that the complexes interacted strongly with HSA under physiological conditions, with K(SV) values of the order of 1.07-5.5 x 10(4) M(-1). At the cellular level, cytotoxicity was compared in HUVEC and YKG-1 cells, and compounds 3a, 3b, 4a and 4b were found to exhibit selective antiproliferative effects against YKG-1 cells. Furthermore, compounds 4a and 4b had high radical scavenging capacity and exhibited strong antioxidant activity. Complex 4b was found to significantly suppress the colony formation and wound healing capacity of YKG-1 cells and to trigger apoptotic cell death mechanisms. This suggests that L-borneol-containing biguanide derivatives and their Ru(II) complexes may be promising candidates for treating glioblastoma. Molecular docking analyses were conducted for Complex 4b, the most active compound identified based on its in vitro HSA-binding, DNA-binding, and anticancer activities, to designate its molecular interaction profile with the selected biological target."
"pubmed","42809798","10.1371/journal.pone.0356359","FABP5 regulates an immunosuppressive microenvironment in hepatocellular carcinoma through the NF-kappaB/PD-L1 axis.","An, Rui; Hou, Shibing; Hong, Min; Zhen, Jiaorong; Wang, Zhijuan; Huang, Haoming; Zhao, Weixuan; Liao, Mianmian; Yuan, Weiqu; Huang, Danping","PloS one","2026-09-29","https://pubmed.ncbi.nlm.nih.gov/42809798/","BACKGROUND: Fatty acid binding protein 5 (FABP5) contributes to lipid metabolism and inflammation, but, its immunoregulatory role in hepatocellular carcinoma (HCC) is unclear. Considering the strong metabolic-immune interplay in HCC, elucidating how FABP5 shapes the tumor immune microenvironment may uncover new therapeutic targets. METHODS: TCGA, CCLE and single-cell RNA-seq datasets were employed to characterize FABP5 expression and clinical relevance. FABP5 knockdown was performed to assess effects on HCC cell proliferation. Immune infiltration, immune checkpoint profiles, TIDE scores and enrichment of immune-related pathways were analyzed. Differentially expressed genes underwent GO and KEGG pathway enrichment analyses. Protein-protein docking, molecular dynamics (MD) simulations and in vitro assays were conducted to explore the regulatory role of FABP5 in the NF-kappaB/PD-L1 axis. Drug screening, molecular docking and duplicate MD simulations were carried out to identify potential FABP5-targeting compounds. RESULTS: FABP5 was significantly upregulated in HCC and predicted worse survival, serving as an independent prognostic factor. Single-cell analysis identified predominant FABP5 expression in fibroblasts and macrophages. FABP5 knockdown suppressed cell proliferation, colony formation, DNA synthesis and migration, accompanied by decreased expression of epithelial-mesenchymal transition (EMT) markers. FABP5-high tumors exhibited increased immune infiltration but raised immune checkpoint levels and higher TIDE scores, indicative of an immunosuppressive microenvironment. FABP5 correlated positively with NF-kappaB pathway genes and molecular docking predicted stable complexes between IkappaBalpha and P65. Experimental validation confirmed that FABP5 drives PD-L1 upregulation in an NF-kappaB-dependent manner. Drug screening identified CZS-241 as the most promising FABP5-binding candidate, and duplicate MD simulations demonstrated a stable FABP5-CZS-241 complex. CONCLUSION: FABP5 drives immunosuppression in HCC by inducing PD-L1 via the NF-kappaB pathway. CZS-241 is identified as a promising FABP5-targeting compound with therapeutic potential for HCC."
"pubmed","42808670","10.55782/2hr5ac70","Lightweight CNN recognition of HeLa cell PCNA‑based S‑phase subphases and RFC‑dependent dynamics.","Krupa, Maciej; Szymanski, Jedrzej","Acta neurobiologiae experimentalis","2026-09-29","https://pubmed.ncbi.nlm.nih.gov/42808670/","Proliferating cell nuclear antigen (PCNA) forms subnuclear replication patterns that report S‑phase progression with a single marker and provide an imaging readout of the replication factor C (RFC)‑PCNA axis. We benchmarked lightweight convolutional neural networks for classifying fixed HeLa cell PCNA images as G1, early S, mid S, or late S, and then applied the best‑performing model to live‑cell RFC control and RFC‑del datasets. MobileNetV2 provided the best balance of accuracy and inference cost in the fixed‑cell benchmark. In live‑cell traces, RFC‑del cells showed prolonged late S‑like PCNA pattern duration, whereas mid S‑like duration and peak‑distance metrics did not show clear group separation. These findings support lightweight PCNA‑pattern classification as a practical tool for quantitative replication‑pattern phenotyping and indicate a possible future application to neurobiological imaging, such as automated quantification of pro liferating cells in neurogenesis studies."
"pubmed","42807979","10.1039/d6ra06998c","Design, synthesis and network pharmacology-integrated evaluation of benzenesulfonamides as potential Dickkopf-1 (Dkk-1)-targeting anticancer candidates.","Ejaz, Syeda Abida; Bilal, Muhammad Sajjad; Channar, Pervaiz Ali; Ujan, Rabail; Naseem, Sadia; Saeed, Aamer; Channar, Sajid Ali; Sahito, Reshma; Abbas, Qamar","RSC advances","2026-09-29","https://pubmed.ncbi.nlm.nih.gov/42807979/","Sulfanilamide-based drugs are known to exhibit immense anti-cancer activities, and thus, we sought to design and formulate sulfanilamide derivatives in order to study their potential against carbonic anhydrase II, pancreatic elastase, Dickkopf-1 (Dkk1) and LRP6 proteins, which are potential anti-cancer targets for various cancers. Out of all the synthesized derivatives, compound 4d exhibited significant inhibitory potential against CA-II, with an IC(50) value of 0.348 +/- 0.024 microM, which is about 3-fold higher than that of the reference drug acetazolamide (IC(50) = 0.9979 +/- 0.0024 microM). The significance of Dkk1 was taken into consideration in this study. Molecular docking interaction studies revealed that compound 4d exhibited good binding potential with CA-II, pancreatic elastase, LRP6 and Dkk1, with binding energies of -8.1, -8.7, -7.9 and -10.4 kcal mol(-1), respectively. Furthermore, in the course of DNA binding experiments, compound 4d exhibited the highest binding constant value of 2.3 x 10(7) mol(-1), validating the other biological tests, and these results are in agreement with the reported values, demonstrating the significance of compound 4d to act as a representative drug in the future. Finally, the present work has the potential to pave way for new therapeutic approaches in cancer treatment with the involvement of the less explored Dkk1 signaling target. In addition, a network pharmacology analysis of compound 4d against pancreatic cancer identified 243 shared targets that converged, through protein-protein interactions and enrichment analyses, on the PI3K-AKT and receptor tyrosine kinase signalling axes, providing a system-level rationale for its anticancer potential."
"pubmed","42807832","10.7150/ijbs.133330","Nomilin Rewires mTOR-Driven Immunometabolism via DDIT4 to Restrain Psoriasis.","Kim, Ha Eun; Lee, Seung Taek; Park, Hee-Suk; Lee, Hyun-Su; Lee, Jong Yeong; Kim, Dae-Ki; Roh, Si-Gyun; Nam, Kyung-Hwa; Kim, Sang-Hyun; Choi, Jin Kyeong","International journal of biological sciences","2026-09-29","https://pubmed.ncbi.nlm.nih.gov/42807832/","Nomilin, a citrus-derived limonoid belonging to the tetranortriterpenoid family, has been reported to exert anti-inflammatory and antioxidant effects; however, its therapeutic relevance and underlying mechanisms in psoriasis remain unclear. Here, we investigated the effects of nomilin in 12-O-tetradecanoylphorbol-13-acetate (TPA)- and imiquimod (IMQ)-induced psoriasis-like mouse models, IL-17A-stimulated primary human keratinocytes, Th17-polarized CD4(+) T cells, and peripheral blood mononuclear cells (PBMCs) from patients with psoriasis. Nomilin markedly alleviated epidermal hyperplasia and inflammatory symptoms, suppressed pro-inflammatory cytokines and psoriasis-associated mediators, and reduced the expansion of inflammatory myeloid and Th1/Th17 cells in lesional skin. Mechanistically, nomilin decreased glucose uptake, glycolytic activity, oxidative phosphorylation, mitochondrial mass, and mitochondrial ROS production, thereby preventing metabolic overactivation and mitochondrial dysfunction. At the molecular level, nomilin upregulated DDIT4 and inhibited mTOR signaling, as evidenced by reduced phosphorylation of mTOR, RAPTOR, p70S6K, and 4EBP1. Genetic silencing of DDIT4 abrogated the anti-inflammatory and metabolic effects of nomilin in keratinocytes, while skin-specific DDIT4 knockdown markedly attenuated its therapeutic efficacy in vivo, demonstrating an essential role for DDIT4 in nomilin-mediated mTOR suppression. Furthermore, molecular docking and cellular thermal shift assay (CETSA) analyses revealed a direct interaction between nomilin and DDIT4. In addition, nomilin suppressed Th17 differentiation and reduced TNF-alpha-, IFN-gamma-, and IL-17A-producing CD4(+) T cells in PBMCs from patients with psoriasis. Collectively, these findings identify nomilin as a modulator of the DDIT4-mTOR axis that alleviates psoriasis-like inflammation through the rewiring of pathogenic immunometabolic programs and highlight its potential as a therapeutic strategy for psoriasis."
"pubmed","42807127","10.3389/fimmu.2026.1877955","Apigenin accelerates fracture healing by enhancing endochondral differentiation and inflammation resolution via targeting NF-kappaB signaling.","Shen, Haiyu; Zhi, Guoguo; Li, Zihao; Yan, Xueqiao; Du, Zhirui; Zhang, Shaoyang; Yang, Ruichen; Ma, Xiuying; Liu, Huijuan; Geng, Funeng; Li, Baojie","Frontiers in immunology","2026-09-29","https://pubmed.ncbi.nlm.nih.gov/42807127/","BACKGROUND: Fractures are common yet lack effective pharmacological treatments. Apigenin, a natural flavone, has anti-inflammatory and pro-osteogenic effects. Here, we examined its impact on fracture healing-a multistep process involving hematoma formation, soft callus formation (endochondral differentiation), hard callus formation (osteogenic differentiation), and bone remodeling-and investigated the underlying mechanisms. METHODS: Femoral fracture and calvarial injury models were established to evaluate the effects of apigenin. Local apigenin treatment was initiated at postoperative time points to compare the impact of administration timing. Fracture healing was assessed by radiography, micro-CT, histological analysis, and immunostaining. In vitro cultures were performed to examine the effects of apigenin on mesenchymal stem cell (MSC) differentiation. Quantitative PCR, Western blotting, RNA sequencing, and flow cytometry were used to evaluate inflammatory responses and chondrogenic and osteogenic differentiation. Ikbkb knockdown and BAY 11-7082 treatment were used to examine the involvement of IKKbeta/NF-kappaB signaling. Molecular docking and molecular dynamics simulations were performed to investigate the potential interaction between apigenin and IKKbeta, which was examined by cellular thermal shift assay (CETSA). RESULTS: Apigenin significantly improved fracture healing when treatment was initiated on postoperative day 5, whereas treatment initiated on day 1 showed no clear therapeutic effect. Apigenin reduced inflammatory responses in the fracture callus and suppressed NF-kappaB signaling. BAY 11-7082 produced effects similar to those of apigenin in the femoral fracture model, and combined treatment did not produce a clear additional benefit. In BMSCs, apigenin promoted chondrogenic differentiation and attenuated the suppression of chondrogenic markers under inflammatory conditions, whereas its effects on osteogenic differentiation were less consistent. Ikbkb knockdown also enhanced chondrogenic differentiation, and addition of apigenin after Ikbkb knockdown produced no further clear increase. Molecular docking, molecular dynamics simulations, and CETSA provided supportive evidence for a potential interaction between apigenin and IKKbeta. CONCLUSIONS: Through modulation of IKKbeta/NF-kappaB signaling, apigenin acts on both inflammatory responses and MSC differentiation to enhance fracture healing. The therapeutic effect was most evident when treatment was initiated on postoperative day 5, during the transition from inflammation to cartilage formation. These findings suggest that appropriately timed apigenin treatment may represent a potential strategy for improving fracture repair."
"pubmed","42806392","10.1186/s13062-026-00964-4","Heart failure may promote breast cancer progression through a Col10a1-associated Tgf-beta/Smad-EMT pathway.","Zhang, Danfeng; Wang, Man; Wu, LiHua; Gao, Bo; Ai, Yongbiao; Wang, Ziyang; Xu, Ming; Yang, Fengmei","Biology direct","2026-09-29","https://pubmed.ncbi.nlm.nih.gov/42806392/","BACKGROUND: Heart failure (HF) is clinically associated with aggravated breast cancer (BC) progression; however, the integrative genomic mechanisms underlying this cardio-oncological crosstalk remain poorly understood. METHODS: We conducted integrative bioinformatics analyses combining weighted gene co-expression network analysis (WGCNA) and machine learning algorithms to screen key hub genes involved in HF and BC progression. The candidate gene Col10a1 was further validated using myocardial infarction (MI)-induced HF xenograft mouse models, paired clinical plasma and tumor specimens, and comprehensive in vitro functional assays. RESULTS: COL10A1 expression was higher in breast cancer patients with CVD than in BC-only patients. Given the limited sample size, these findings were considered exploratory. Mechanistically, elevated Col10a1 was associated with activation of the transforming growth factor‑beta (Tgf-beta)/Smad signaling pathway and induction of epithelial-mesenchymal transition (EMT). In vivo, the HF microenvironment markedly accelerated BC tumor growth and was accompanied by enhanced Col10a1 expression and Tgf-beta signaling activation. In vitro, cardiomyocyte-derived Col10a1 significantly promoted the proliferation, migration, and invasion of BC cells, whereas Col10a1 knockdown significantly attenuated these malignant phenotypes. CONCLUSIONS: Our study identifies a potential regulatory link between HF and BC and provides preliminary mechanistic insights into the role of Col10a1 in BC progression under cardiac injury conditions. Col10a1 may serve as a candidate mediator in the interaction between cardiac injury and BC progression."
"pubmed","42804496","10.1371/journal.pone.0359423","Dioscin attenuates D‑galactose‑induced retinal pigment epithelium senescence and epithelial-mesenchymal transition via the TGF‑beta2/PI3K/Akt/beta‑catenin pathway.","Ouyang, Qi; Zhou, Huiqin; Ji, Chenhao; Jiang, Hong; Zhao, Linhui; Pan, Yiwei; Xiang, Shuanglin; Hu, Xiang","PloS one","2026-09-28","https://pubmed.ncbi.nlm.nih.gov/42804496/","PURPOSE: This study aimed to evaluate the protective effects of Dioscin in an age-related macular degeneration (AMD) -like model and to explore its potential therapeutic mechanisms. METHODS: The therapeutic potential of Dioscin for AMD was investigated using D-galactose-induced senescence models in ARPE-19 cells (an in vitro preliminary screening model) and C57BL/6J mice using RT-qPCR, western blotting, immunofluorescence, and SA-beta-gal staining. Bioinformatic analysis and molecular docking identified TGF-beta2 as a computationally predicted potential target of Dioscin in AMD. Key mechanisms involving TGF-beta2 and the PI3K/Akt/beta-catenin signaling pathway were assessed in vitro using RT-qPCR, western blotting. RESULTS: In D-galactose-induced senescence models, Dioscin significantly alleviated RPE senescence and EMT. Single-cell transcriptome analysis revealed that TGF-beta2 is highly expressed in choroidal vascular endothelial cells of AMD patients. Mechanistically, computational predictions (molecular docking and dynamics simulations) identified TGF-beta2 as a computationally predicted potential target of Dioscin, and experimental data showed that Dioscin suppressed D-galactose-induced activation of the TGF-beta2/PI3K/Akt/beta-catenin pathway in RPE cells, suggesting a potential paracrine regulatory mechanism. CONCLUSION: Dioscin alleviates RPE senescence and EMT through suppression of the TGF-beta2/PI3K/Akt/beta-catenin pathway. Single-cell transcriptomics reveals that TGF-beta2 is specifically upregulated in choroidal vascular endothelial cells in AMD, suggesting a paracrine mechanism linking vascular pathology to RPE dysfunction. These findings suggest that Dioscin may have potential value in mitigating RPE senescence and EMT in an AMD‑like model, although further validation in more clinically relevant AMD models is required."
"pubmed","42803824","10.1007/s00109-026-02717-2","CTCF-FXN regulatory axis plays critical roles in clinical assessments and disease progression of primary open-angle glaucoma.","Cai, Danrui; Yu, Yao; Ma, Junze; Li, Ting; Liu, Ziyao","Journal of molecular medicine (Berlin, Germany)","2026-09-28","https://pubmed.ncbi.nlm.nih.gov/42803824/","Primary open-angle glaucoma (POAG) is an irreversible ophthalmic disease that is the leading cause of blindness. Oxidative stress (OS) is considered an important contributor to POAG pathogenesis. However, its mechanism of action in POAG remains vague. FXN was identified as a candidate OS-related gene associated with POAG through WGCNA and two machine learning methods (LASSO regression and SVM-RFE). Through multiple bioinformatic analyses, FXN exhibited potential diagnostic value and was associated with immune-related signatures in POAG samples. GSEA revealed that high FXN expression was associated with enrichment of glycolysis- and pyruvate metabolism-related gene sets. FXN expression was significantly decreased in an H2O2 in vitro model (R28 cells). CCK8, EdU, TUNEL, ROS detection and flow cytometry assays indicated that FXN overexpression improved retinal ganglion cells (RGCs) viability and inhibited cell apoptosis and ROS accumulation. Mechanistically, CTCF was demonstrated to transcriptionally regulate FXN by binding to its promoter region, as confirmed by ChIP assay. FXN deletion partially abolished the protective effects of CTCF overexpression on RGC viability, apoptosis, and oxidative stress responses. In conclusions, FXN may represent a potential biomarker associated with POAG. The identification of the CTCF-FXN regulatory axis provides new insights into the molecular mechanisms underlying POAG."
"pubmed","42803726","10.1177/13872877261487604","Integrating transcriptomic data to identify calmodulin-related diagnostic biomarkers for Alzheimer's disease.","Wang, Xi'An; Huang, Yanbin; Li, Jiuru","Journal of Alzheimer's disease : JAD","2026-09-28","https://pubmed.ncbi.nlm.nih.gov/42803726/","BackgroundAlzheimer's disease (AD) is driven by amyloid-beta, tau protein, and neuroinflammation. Calmodulin-mediated calcium signaling centrally links synaptic dysfunction, tauopathy, and inflammation, making it a key mechanistic and therapeutic target.ObjectiveTo identify calmodulin-related diagnostic biomarkers for AD and explore associated immune profiles and molecular subtypes.MethodsThe present work utilized integrative bioinformatics for the characterization of calmodulin-related genes in AD. Differentially expressed calmodulin-related genes were identified from Gene Expression Omnibus datasets and the Human Protein Atlas. Core genes were screened using weighted gene co-expression network analysis combined with three machine learning algorithms (Least Absolute Shrinkage and Selection Operator, random forest, and Support Vector Machine), from which a diagnostic model was subsequently constructed and validated. Immune infiltration was evaluated via ssGSEA and CIBERSORT, transcription factor and ceRNA regulatory networks were established, and small-molecule drugs were predicted. Consensus clustering was further applied to define molecular subtypes.ResultsFrom 50 differentially expressed genes, three core genes-MKNK2, ITPKB, and CEP97-showed strong diagnostic performance. Immune cell alterations were uncovered, regulatory networks and drug candidates predicted, and consensus clustering divided AD patients into two distinct subtypes.ConclusionsITPKB, MKNK2, and CEP97 are identified as calmodulin-related AD biomarkers linked to immune infiltration and subtyping, with potential for early diagnosis and novel therapies."
"pubmed","42803614","10.1093/bfgp/elag008","Supervised clustering of bacterial promoter identifies two groups with different relevant positions at -10.","Cambranis-Boldo, Paulo; Martinez, Gustavo Sganzerla; Farias, Andre Borges; Perez-Rueda, Ernesto","Briefings in functional genomics","2026-09-28","https://pubmed.ncbi.nlm.nih.gov/42803614/","Promoters are DNA sequences responsible for the specific recognition of the transcriptional machinery in all the biological systems. In bacteria, two main groups of promoters have been described, the sigma70-like family, which includes the housekeeping sigma70 and the alternative sigma38, sigma32, sigma28, and sigma24; and the sigma54 family. However, promoter sequences may differ even inside the same family, and this classification may not fully capture the functional diversity of groups. In this work, we explored and classified a collection of bacterial promoters associated with six sigma factor families in the bacterium Escherichia coli K-12 using a Supervised clustering workflow that uses Shapley values. From this analysis, we identified two subgroups of sequences differentiated by the conservation of the -9 to -7 positions upstream the Transcription Start Site, suggesting that this region may be employed in classification frameworks. Finally, a detailed analysis of sigma70 promoter sequences identify five clusters with a conserved signal in the -10, but with different sequence composition. In summary, these signatures could provide more insights into the sigma factor-promoter interaction and the separation of the DNA double-strand."
"pubmed","42801083","10.1016/j.prnil.2026.02.003","A cfDNA-based DNA methylation classifier for distinguishing prostate cancer from benign prostatic hyperplasia.","Lee, Jong Hoo; Oh, Hye Jin; Koo, Hyo Jeong; Kim, Mee Young; Kim, Choung-Soo; Lim, Bumjin; Lee, Ji Youl; Park, Woong-Yang","Prostate international","2026-09-27","https://pubmed.ncbi.nlm.nih.gov/42801083/","BACKGROUND: Differentiating benign prostatic hyperplasia (BPH) from prostate cancer (PCa) remains a diagnostic challenge due to overlapping clinical features and the limited specificity of prostate-specific antigen (PSA) testing. Recent studies highlight the promise of DNA methylation patterns in cell-free DNA (cfDNA) as non-invasive biomarkers for prostate disease stratification. This study aimed to develop a targeted methylation-based diagnostic model capable of distinguishing PCa from BPH using cfDNA. We hypothesized that specific genomic regions exhibit consistent hyper- or hypomethylation signatures that could serve as robust diagnostic markers. MATERIALS AND METHODS: We applied a custom panel targeting 748 predefined differentially methylated regions (DMRs) to cfDNA from 365 participants (PCa: 230; BPH: 135). Methylation was quantified by targeted enzymatic methyl-sequencing. Following feature selection, a 43 DMR-based model was built using a stacking ensemble framework (Random Forest + XGBoost with stacking). Data were split by stratified sampling into training/test sets and a validation cohort. Uncertainty was quantified via 1,000-iteration non-parametric bootstraps. Functional relevance was assessed by gene ontology (GO) enrichment stratified by genomic context. RESULTS: The diagnostic model exhibited robust discriminative performance across both test and validation cohorts. In the test set, the model achieved an area under the receiver operating characteristic curve (ROC-AUC) of 0.99 and overall accuracy of 0.95, with balanced sensitivity (0.96) and specificity (0.93). Consistent results were observed in the validation set, with a ROC-AUC of 0.98, overall accuracy of 0.93, sensitivity of 0.94, and specificity of 0.93. Importantly, in the validation cohort, the model retained a high sensitivity of 0.94 (95 % CI: 0.84-0.98), underscoring its potential clinical applicability. GO analysis revealed promoter-proximal hypermethylation enriched for developmental programs, transcription factor activity, and chromatin remodeling, whereas gene body hypermethylation mapped to RNA metabolic processes and intracellular transport, supporting biological plausibility. CONCLUSIONS: Integrating cfDNA methylation with machine learning delivers a minimally invasive, clinically actionable assay that robustly differentiates PCa from BPH. These results motivate prospective, multi-center validation and position cfDNA methylation profiling as a scalable strategy for prostate disease stratification."
"pubmed","42800166","10.1016/j.bioorg.2026.110560","Rationale design and synthesis of new quinazoline derivatives as DNA intercalators and topoisomerase II inhibitors.","Helmy, Amr; Mohamed, Mamdouh F A; Eissa, Ibrahim H; Mahdy, Hazem A","Bioorganic chemistry","2026-09-27","https://pubmed.ncbi.nlm.nih.gov/42800166/","In pursuit of novel anticancer agents with enhanced potency and selectivity, a new series of quinazoline-based derivatives was rationally designed, synthesized, and biologically evaluated as potential DNA intercalators and topoisomerase II (Topo II) inhibitors. Building upon a previously identified lead compound (6), structural modifications were introduced to reinforce key pharmacophoric features essential for DNA intercalation and enzyme inhibition. Two distinct series of compounds were developed, incorporating either N-phenylacetamide (VII-series) or N-(4-cinnamoylphenyl)acetamide (VIII-series) side chains to target DNA grooves. In vitro cytotoxicity assays against HepG-2 and MCF-7 cancer cell lines revealed that several compounds, particularly VIIIe, exhibited potent anti-proliferative activity slightly less than that of the reference drug doxorubicin. It showed favorable selectivity indices over normal WI-38 fibroblasts. Further biological evaluation showed that compound VIIIe effectively inhibited Topo II (IC(5)(0) = 11.71 nM) and demonstrated strong DNA-binding affinity (IC(5)(0) = 14.50 muM), outperforming doxorubicin in both assays. Apoptosis-related protein analysis in MCF-7 cells revealed a significant increase in Bax expression and suppression of Bcl-2, indicating activation of mitochondrial-mediated apoptotic pathways. Molecular docking studies supported these findings, showing that VIIIe achieved a high binding affinity within the Topo II-DNA complex through multiple stabilizing interactions. Collectively, these results underscore the therapeutic potential of VIIIe and its analogs as promising lead candidates for the development of selective, DNA-targeted anticancer agents."
"pubmed","42800003","10.1093/jimmun/vkag240","Mechanism of SGLT2 inhibitors in improving immune imbalance in diabetic mice with sepsis via regulating macrophage M2 polarization through the APOC1/HMGB1/TLR4 axis.","You, TingTing; Yang, HuoBao; Chen, Gang","Journal of immunology (Baltimore, Md. : 1950)","2026-09-27","https://pubmed.ncbi.nlm.nih.gov/42800003/","This study aimed to investigate the mechanism by which the sodium-glucose cotransporter-2 (SGLT2) inhibitor dapagliflozin improves immune imbalance in sepsis with diabetes, focusing on its regulation of macrophage M2 polarization through the APOC1/HMGB1/TLR4 axis. A mouse model of type 2 diabetes was established through intraperitoneal injection of streptozotocin, after which sepsis was induced by cecal ligation and puncture. For in vitro studies, RAW264.7 macrophages and bone marrow-derived macrophages were exposed to high glucose and lipopolysaccharide. Molecular docking was employed to examine potential binding between dapagliflozin and APOC1. Organ pathology in lung, liver, and kidney was evaluated using hematoxylin and eosin staining and biochemical assay kits. Expression levels of APOC1, HMGB1, TLR4, and macrophage M1/M2 markers were analyzed via immunohistochemistry and immunofluorescence. Inflammatory cytokine levels were quantified with enzyme-linked immunosorbent assay. The SGLT2 inhibitor dapagliflozin effectively alleviated lung, liver, kidney injury and dysfunction and reduced inflammatory responses in diabetic mice with sepsis. The treatment also decreased inflammatory cytokine levels in the high glucose/lipopolysaccharide-stimulated cellular model. Furthermore, dapagliflozin treatment significantly increased the levels of M2 macrophage markers in both in vivo and in vitro models. Mechanistically, dapagliflozin was found to target, bind to, and downregulate APOC1 expression. Further investigations revealed that APOC1 promotes macrophage M1 polarization via the APOC1/HMGB1/TLR4 axis, an effect reversed by dapagliflozin. The SGLT2 inhibitor dapagliflozin ameliorates organ damage and inflammation in sepsis with diabetes by promoting macrophage M2 polarization through inhibition of the APOC1/HMGB1/TLR4 axis."
"pubmed","42799921","10.1007/s10822-026-00942-y","Rational design of anticancer metallodrugs.","Monreal-Corona, Roger; Mestres, Jordi","Journal of computer-aided molecular design","2026-09-27","https://pubmed.ncbi.nlm.nih.gov/42799921/","Despite the undeniable clinical success of platinum-based antineoplastic agents, their rational design remains hindered by the inherent difficulties in capturing the quantum chemical electronic nature of their three-dimensional coordination geometries and variable oxidation states of transition metal complexes. To address this fundamental limitation, we introduce a machine learning framework based on density functional theory descriptors to discriminate between drug and non-drug metallocomplexes. A curated dataset of platinum complexes was subjected to conformational sampling and density functional theory geometry optimization. Unsupervised learning via principal component analysis and K-means clustering initially demonstrated that essential electronic parameters naturally segregate metallodrugs from non-drug metallocomplexes. Subsequently, a supervised Random Forest classifier reliably distinguished metallodrugs from structurally similar non-drug metallocomplexes. Crucially, global SHapley Additive exPlanations analysis revealed that local electron density properties, which strictly govern the established mechanisms of intracellular aquation and DNA binding, are the primary drivers of model predictions. The projection of an external test set of active ChEMBL platinum compounds successfully validated the established chemical space, demonstrating the model's ability to generalize to unseen data. This explainable predictive pipeline bridges a major gap in inorganic drug discovery, offering a robust, mechanistic tool for the rational generative design of next-generation metallodrugs."
"pubmed","42799260","10.2147/CCID.S636697","Integrative Transcriptomic and Genetic Analyses Identify CDC20 as a Potential Biomarker Associated with Cell Cycle and Immune-Inflammatory Processes in Psoriasis.","Yang, Lingyi; Mo, Wenshen; Wang, Gang; Wu, Xiaowei","Clinical, cosmetic and investigational dermatology","2026-09-27","https://pubmed.ncbi.nlm.nih.gov/42799260/","OBJECTIVE: To identify psoriasis-associated candidate genes and regulatory features via integrated transcriptomic, immune and genetic analyses, and validate them in an imiquimod-induced psoriasis-like murine model. METHODS: Public GEO transcriptomic datasets were integrated after batch-effect correction. We performed differential expression, WGCNA, machine-learning-based feature selection and diagnostic modelling, CIBERSORT immune infiltration estimation, transcription-factor regulation, drug enrichment, colocalization and SMR analyses. In-vivo histological and Western blot validation was conducted in mice. RESULTS: We obtained 767 candidate genes enriched in cell-cycle and immune-inflammatory pathways. The Lasso-XGBoost model (AUC = 0.923) yielded 11 candidate genes that well separate psoriasis patients from healthy controls. Drug enrichment identified Lucanthone. SMR revealed consistent expression-genetic directionality for LYN and IL1RN. Notably, the 11 machine-learning-derived signature genes mainly mark psoriasis disease activity and differ from the SMR-identified genetically supported causal genes LYN and IL1RN. Increased CDC20, CCNB1 and CDK1 protein levels were confirmed in mouse lesional skin. CONCLUSION: This study suggests that CDC20 may serve as a potential biomarker for cell cycle and immune-inflammatory processes in psoriasis, providing a basis for further mechanistic and translational studies."
"pubmed","42799208","10.2147/DDDT.S608177","Artesunate Targets MBL2 to Modulate the TLR4/NRF2/HO‑1 Axis and Ameliorate Podophyllotoxin‑Induced Liver Injury.","Wei, Mingyue; He, Junjie; Zhang, Yanzhao; Chen, Hetao; Wang, Xue; Liu, Miaomiao; Chang, Jianying; Fan, Chunyang; Jiang, Hongwei; Liu, Chuanxin","Drug design, development and therapy","2026-09-27","https://pubmed.ncbi.nlm.nih.gov/42799208/","BACKGROUND: Drug-induced liver injury (DILI) presents a significant clinical challenge with limited preventive and therapeutic options. Artesunate (ART) holds potential for DILI treatment; however, its precise hepatoprotective mechanisms and direct molecular target(s) remain unclear. METHODS: We evaluated ART in a podophyllotoxin (PPT)-induced rat model of DILI. Its direct target was identified through integrated chemical proteomics (pull-down/LC-MS/MS) followed by biophysical validation (SPR, MST) and molecular dynamics simulations. Mechanistic insights from hepatic transcriptomics (RNA-seq) were confirmed by Western blot, and extended with targeted metabolomics and 16S rRNA sequencing of gut microbiota. RESULTS: ART administration conferred significant hepatoprotection in the PPT-induced rat model, as evidenced by dose-dependent amelioration of key serum markers of liver injury (P < 0.05), attenuation of hepatic oxidative stress, and improved histopathological outcomes. Mechanistically, we identified mannose-binding lectin 2 (MBL2) as a direct, high-affinity target of ART (KD  approximately 3.84 microM). Upon binding to MBL2, ART suppressed the hepatic TLR4/NF-kappaB inflammatory axis and, in parallel, relieved NF-kappaB-mediated repression of NRF2, thereby cooperatively activating the NRF2-driven antioxidant defense program. Integrated multi-omics analysis further revealed that ART remodeled the gut microbiota, enriching beneficial genera including Lactobacillus, and that the abundance of these bacteria correlated positively with hepatic levels of antioxidant metabolites (P < 0.05), supporting a functional role of the gut-liver axis in its systemic protective effects. CONCLUSION: This study elucidates that ART alleviates DILI through targeting MBL2, thereby dually modulating the NF-kappaB/NRF2 signaling axis to simultaneously suppress inflammatory responses and enhance endogenous antioxidant defenses. These findings provide a novel and robust pharmacological basis for repositioning ART for the clinical prevention and treatment of DILI."
"pubmed","42798472","10.3389/fimmu.2026.1889598","Combination of Chenpi and Banxia alleviates synovial inflammation in a rat model of rheumatoid arthritis by targeting the JNK/AP-1 signaling pathway.","Zhang, Wenxin; Li, Yue; Zhang, Xiaoyu; Zhang, Jie; Du, Yue; Han, Xu; Cui, Ronghao; Li, Yufeng; Meng, Fanyan; Meng, Di","Frontiers in immunology","2026-09-27","https://pubmed.ncbi.nlm.nih.gov/42798472/","INTRODUCTION: Chenpi (Citrus reticulata) has both medicinal and dietary applications, while Banxia (Pinellia ternata) is frequently combined with Chenpi to treat inflammatory diseases. This study aimed to investigate the potential therapeutic targets and pharmacological mechanisms of the Chenpi-Banxia (CB) herbal combination in rheumatoid arthritis (RA). METHODS: A collagen-induced arthritis (CIA) rat model was used to evaluate the effects of CB on arthritis symptoms, histopathology, and serum cytokine levels. Network pharmacology was applied to identify active compounds and potential targets. Key components were analyzed by high-performance liquid chromatography, and molecular docking and molecular dynamics simulations were performed to assess their interactions with JNK proteins. The regulatory effects of CB on the JNK/AP-1 pathway were further examined in leptin-induced fibroblast-like synoviocytes (FLSs) and CIA rats. RESULTS: CB significantly reduced paw swelling and arthritis scores, ameliorated joint pathological damage, and decreased TNF-alpha and IL-6 levels in the serum and synovial tissues of CIA rats. Network pharmacology identified the JNK pathway as a key target. Among five candidate compounds detected in CB-containing serum, nobiletin showed the largest chromatographic peak area. Molecular docking and dynamics simulations supported stable interactions between nobiletin and JNK1/JNK2. In vitro, nobiletin and CB-containing serum inhibited leptin-induced FLS proliferation, migration, inflammatory factor release, JNK phosphorylation, and downstream c-Jun and c-Fos expression. In vivo, CB also suppressed JNK/AP-1 activation in synovial tissue. DISCUSSION: These findings suggest that CB alleviates experimental arthritis and synovial inflammation, at least partly by suppressing leptin-mediated JNK/AP-1 signaling and abnormal FLS activation, thereby supporting its potential therapeutic relevance in RA."
"biorxiv","10.64898/2026.09.28.754892","10.64898/2026.09.28.754892","Gene-family-dependent thermodynamic effects of oncogenic mutations on nucleosome-DNA binding stability: a comparative molecular dynamics study across 22 cancer hotspots","Shlomo Freudenberger; Evan Boczko; Sanjay Goel; Radhashree Maitra","bioRxiv","2026-09-30","https://www.biorxiv.org/content/10.64898/2026.09.28.754892","Oncogenic mutations are known to occur at non-random rates and specific hotspots, yet the structural and thermodynamic factors underlying these hotspots remain poorly understood. This study presents molecular dynamics simulations of 22 cancer hotspots across 10 oncogene families, simulated as histone-DNA complexes. Across 18 of 22 mutations, thermodynamic effects were predominantly localized to within 6 Å of the DNA-histone interface (mean capture 104%), with van der Waals interactions driving the effect at the thermodynamic extremes, indicating that oncogenic mutations alter nucleosome binding through precise local contact changes rather than global structural rearrangements. Further, analysis revealed a gene-family correlated pattern in thermodynamic stability. RAS family mutations showed a consistent trend toward nucleosome stabilization (mean ΔΔG = −4.82 kcal mol -1 ), while kinase domain mutations trended toward destabilization (mean ΔΔG = +40.12 kcal mol -1 ), a difference reaching statistical significance in this exploratory analysis (Mann-Whitney U, p = 0.008). This interface-specific mechanism, combined with the gene-family-correlated thermodynamic pattern, provides a biophysical framework for understanding nucleosome-level contributions to cancer hotspot mutation biology."
"biorxiv","10.64898/2026.09.24.754017","10.64898/2026.09.24.754017","EpiZoo: a DNA sequence-aware foundation model for cross-species single-cell epigenomics","Keyi Li; Xiaoyang Chen; Qun Jiang; Zian Wang; Hairong Lv; Rui Jiang","bioRxiv","2026-09-29","https://www.biorxiv.org/content/10.64898/2026.09.24.754017","Large-scale single-cell epigenomic atlases characterize chromatin regulatory landscapes across diverse biological contexts, spanning cell types, tissues, individuals and species. Foundation models provide an opportunity to capture the full spectrum of cellular diversity in these atlases, yet current models remain largely confined to individual species by genomic coordinate dependence and overlook regulatory information encoded in DNA sequences. Here we introduce EpiZoo, a DNA sequence-aware foundation model for cross-species single-cell epigenomics. EpiZoo converts million-dimensional single-cell epigenomic profiles from diverse species into compact cell sentences that integrate DNA-encoded regulatory information, sequence-independent epigenomic context and accessibility-based importance. Built around a mixture-of-experts transformer and containing 2.6 billion parameters in total, EpiZoo is pretrained on our manually curated multi-species Omni-scATAC corpus of approximately 20.9 million cells to learn regulatory programs across species. On external datasets excluded from pretraining, EpiZoo achieves state-of-the-art performance in fundamental single-cell analysis tasks, including feature extraction, cell type annotation and data imputation. Its sequence-aware architecture enables extension to evolutionarily diverse species, and supports comparative analysis of regulatory conservation and divergence during primate evolution. Benefiting from this modeling design, EpiZoo enables context-aware prioritization of somatic mutations in cancer and prediction of cell-type-specific chromatin accessibility from DNA sequences across genomic regions and species."
"biorxiv","10.64898/2026.10.01.755736","10.64898/2026.10.01.755736","A bifunctional RNase H protein supports DNA replication and transcription in nucleus-forming Chimalliviridae phages","Phoolwanti Rani; Niklas Klusch; Shannon Barret; Taylor Forman; Makaela Levine; Margot Riggi; Caroline Rees; Rui Liu; Lizbeth Hoffman; Meline Norquist; Dwaipayan Basu; Koe Inlow; Emily G Armbruster; Chase J Morgan; Joe Pogliano; Kevin D Corbett; Elizabeth Villa","bioRxiv","2026-10-02","https://www.biorxiv.org/content/10.64898/2026.10.01.755736","Jumbo bacteriophages of the Chimalliviridae family replicate their genomes within a proteinaceous phage nucleus that spatially segregates viral DNA replication and transcription from translation. While the phage nucleus protects viral DNA from host defenses, it also imposes unique constraints on genome replication and gene expression. Here we identify the phage-encoded protein Rhc (RNase H-clamp) as a central mediator of genome transactions within the phage nucleus. Using the Escherichia coli infecting bacteriophage Goslar, we show that Rhc functions as an essential component of a non-canonical three-subunit DNA polymerase complex composed of DNAP N , DNAP C and Rhc. Rhc physically interacts with the DNAP C subunit, and both the catalytic activity of Rhc's N-terminal RNase H domain and its C-terminal sliding clamp-derived DNA binding domain are required for genome replication, nuclear maturation, and productive infection. Further, Goslar Rhc also supports transcription within the phage nucleus through a function that is separable from its DNA replication function. Rhc depletion results in reduced transcription of a subset of late genes, in a pattern that suggests a role for Rhc in resolving R-loops. Imaging and cryo-electron tomography reveal that loss of Rhc arrests phage development at a nascent nuclear stage, uncoupling nuclear assembly from maturation. Together, these findings identify Rhc as a multifunctional nuclear factor that mediates both DNA replication and transcription in nucleus-forming jumbo phages, revealing how viruses repurpose a conserved enzymatic activity to coordinate gene expression within a compartmentalized replication environment."
"biorxiv","10.64898/2026.09.25.753922","10.64898/2026.09.25.753922","Genetic risk and inflammatory signaling converge on cell type-specific regulatory programs in type 1 diabetes","Wang L; Wei Z","bioRxiv","2026-10-01","https://www.biorxiv.org/content/10.64898/2026.09.25.753922","Type 1 diabetes (T1D) is a complex autoimmune disease characterized by the destruction of insulin-producing pancreatic β cells. Both genetic susceptibility and epigenetic dysregulation contribute to T1D risk. Recent studies have reported β-cell dysfunction before disease onset, suggesting that β-cell-intrinsic mechanisms contribute to pathogenesis. However, the mechanistic link between disease-associated variants and β-cell dysfunction remains poorly understood. We hypothesized that a subset of T1D-associated variants directly influences cell type-specific candidate cis-regulatory elements (cCREs) by disrupting transcription factor (TF) binding and altering gene expression. To define cell type-specific cCREs in human islets, we integrated publicly available epigenomic datasets, including bulk histone modification profiles and single-cell multiomic data from human pancreatic islets. We combined these data with T1D genome-wide association study (GWAS) variants to identify disease-associated SNPs located within enhancer regions. Using multiomic datasets from PANC-DB, we characterized cell type-specific chromatin accessibility in nondiabetic and T1D islets and identified regulatory regions that may control gene expression in β cells and other islet cell types. We then applied ChromBPNet, a deep learning model that predicts base-pair-resolution chromatin accessibility from scATAC-seq data, to evaluate how specific variants may alter local regulatory activity. In parallel, we used TF footprinting to nominate TFs likely to bind these variant-containing regions. These analyses identified several T1D-associated SNPs predicted to alter chromatin accessibility at candidate TF binding sites, suggesting mechanisms by which noncoding variants may contribute to β-cell dysfunction and T1D susceptibility. Our findings link T1D-associated variants to cell type-specific enhancer activity and regulatory pathways and provide candidates for future mechanistic studies."
"arxiv","2609.40143v1","","From DNA Design to DNA Slimming: Auditable Agentic Discovery of a Deletion-Only Designer","Joel Shor","","2026-09-30","https://arxiv.org/abs/2609.40143v1","Compact regulatory DNA can free up space in vector payloads, reduce synthesis and assay burden, and expose which sequence features drive predicted activity. Yet most model-based nucleic-acid designers optimize fixed-length sequences through substitutions; they do not ask which bases of an existing functional element can be removed while retaining predicted activity. We define the task of sequence slimming as selecting an exact-length, order-preserving subsequence while retaining activity. Modeled on the design benchmark NucleoBench, we propose a quantitative evaluation for slimming that balances sequence reduction with maintaining function. Each slimmer must return both the subsequence and its source indices, which can be used to verify that the slimmer obeyed task requirements. To our knowledge, this is the first dedicated benchmark of this deletion-only problem. The coding agent Empirical Research Assistant (ERA) then searched over executable designer programs. ERA received the task prompt and a successful substitution-only designer GrAdaBeam as a starting program, and it modified the designer to produce GRADASLIM. We report held-out evaluations for five transcription-factor binding targets, comparing random, greedy, and ERA-guided slimming at 400 and 100 bp. ERA has the highest mean in 9/10 settings. Paired bootstrap intervals for ERA minus greedy are above zero in all five 400-bp settings, below zero in one 100-bp setting, and overlap zero in the remaining four."
"chemrxiv","10.26434/chemrxiv.15009337/v2","10.26434/chemrxiv.15009337/v2","ProtMutMap: Predicting Protein Binding Free Energy Changes Using Multiple-Mutation Networks","Kairi Furui; Masahito Ohue","ChemRxiv","2026-10-01","https://doi.org/10.26434/chemrxiv.15009337/v2","Predicting changes in binding free energy ΔΔ G caused by multiple mutations at protein−protein interfaces requires accounting for nonadditive interactions between mutations, which an additive approximation based on single mutations cannot capture, and for the dependence on the computational pathway in stepwise approaches that introduce mutations sequentially. Here, we propose ProtMutMap, a method that integrates information from multiple pathways in a network whose nodes represent target variants and variants containing subsets of their mutations, and whose edges represent free energy perturbation (FEP) calculations for residue substitutions. ProtMutMap simultaneously estimates the binding ΔΔ G of each variant from all edge values using Huber loss. We compared ProtMutMap with the additive approximation and the stepwise method at 30 evaluation points, including intermediate variants, using a multiple-mutation dataset comprising 7 protein complex systems derived from SKEMPI2. ProtMutMap achieved a root mean squared error (RMSE) of 1.13 kcal/mol, lower than that of either comparison method. ProtMutMap also yielded lower prediction errors than Rosetta flex ddG. These comparisons with experimental values demonstrate that integrating multiple pathways through variants containing subsets of the target mutations improves binding ΔΔ G predictions for protein variants with multiple mutations."
"chemrxiv","10.26434/chemrxiv.15009506/v1","10.26434/chemrxiv.15009506/v1","Deciphering Chemical Cues of Pinus halepensis Infestation by the Pine Processionary Moth: Phytochemical Analysis and Computational Insights into Essential Oil Component Interactions with Insect Odorant Binding Protein","Safia Abla; Wafa Tachoua; Mustapha Mohamed Abou; Farid Chebrouk; Wafa TACHOUA","ChemRxiv","2026-09-27","https://doi.org/10.26434/chemrxiv.15009506/v1","Background The pine processionary moth, Thaumetopoea pityocampa, is a major defoliator of pine forests in the Mediterranean, notably affecting coniferous forests in Algeria. Insect odorant binding proteins (OBPs) play a crucial role in detecting pheromones and identifying host plants and oviposition sites. This study aimed to analyze the essential oils from both infested and healthy needles of Pinus halepensis and to investigate the role of GOBP2 in detecting plant volatiles through computational methods. Material and Methods Essential oils from infested and healthy Pinus halepensis needles were analyzed using gas chromatography-mass spectrometry (GC-MS). The interaction between these volatiles and GOBP2 was explored through molecular docking using SwissDock, and the stability of the top-scoring docked complexes was evaluated with molecular dynamics simulations via the iMODS server. Results The analysis indicated an increase in monoterpenes and a decrease in sesquiterpenes and diterpenes in infested trees. Among the 44 volatiles with increased production, 16 compounds, including Methyl 7,13,15-abietatrienoate, Abietadiene, Palustral γ-Eudesmol, β-Copaene, Phenethyl 2-furoate, trans-Cadina-1(6),4-diene, α-Eudesmol, Phenyl ethyl 3-methyl-butanoate, Phenethyl 2-methylbutanoate, Lavandulyl acetate, β-Elemene, Linalool acetate, Cyclosativene, cis-Linalool oxide, and Linalool, showed favorable interactions with the hydrophobic cavity of BmorGOBP2. Molecular dynamics simulations revealed that the complexes with Abietadiene and trans-Cadina-1(6),4-diene exhibited the highest stability. Conclusion The findings of this study provide valuable insights that could inform the development of pest management strategies targeting Thaumetopoea pityocampa."
